,dates,satname,B6,C2,C1,B4,B5,A1,A2,B1,B2,B3
0,1985-03-28 15:46:31+00:00,L5,492.0692040969142,411.7695938789381,445.27408108819395,525.3428967858889,511.0122996580109,577.7373774632943,569.8384129059975,542.5419202630288,521.164599952443,512.1869817599832
1,1985-04-13 15:46:27+00:00,L5,469.59434259852026,,427.2394333244366,505.3582835966693,494.35231338703477,564.0554017304512,548.0216694011306,514.5171242973711,507.1674510016625,498.55349768885156
2,1990-01-05 15:38:52+00:00,L5,476.04301228052924,423.61422567634855,439.849808594819,508.69008872309297,512.6221046166934,574.024341987395,562.1274998310613,518.8382469133037,506.35789619122704,501.89201977638453
3,1991-02-09 15:36:48+00:00,L5,,,,504.94996966754474,,,562.9992598543824,538.5327848573794,522.7193488082402,504.3000398696496
4,1991-04-30 15:38:20+00:00,L5,,,,,,,,295.0191053859162,542.8732516302957,536.1935024672496
5,1993-03-18 15:38:19+00:00,L5,485.43476348694077,420.87507033162467,440.7999764868043,509.149050996215,514.4218336973855,572.6113981882722,570.2833748111036,529.3944593592622,517.4644722739326,508.6429136841811
6,1993-04-19 15:38:31+00:00,L5,484.3637140228919,410.5961904707441,439.7406951931242,517.0531559945189,518.5034648690579,573.7255134912255,563.4573770867005,525.500558567674,512.5588379837393,506.7933851587593
7,1993-05-05 15:38:35+00:00,L5,487.85437483923346,422.73947727786765,450.70667936473717,527.732401853316,527.0192902620117,579.2612424023582,569.9153242235436,536.3761912618633,523.8219535682525,522.1671760426073
8,1995-08-31 15:18:48+00:00,L5,452.6207393232291,419.98599142000216,436.0805369645149,509.7849022208907,497.57737871806825,570.299020937614,549.6957641790397,533.8056674236276,502.9445908370724,503.00300599161886
9,1996-02-07 15:21:03+00:00,L5,509.27782916728654,436.8430560943986,451.10168049747244,544.4629153930271,535.1120037976623,589.6822269837647,577.16120870548,564.8934664049182,558.1654150042984,535.3373671814236
10,1996-02-23 15:22:08+00:00,L5,500.041953697602,425.7309316917218,443.02862235754765,523.7249197624815,519.626561628,574.8549964890985,569.5243957159348,541.8179500974618,526.4919314780005,520.255565608309
11,1996-04-11 15:25:13+00:00,L5,475.6434227035134,404.14742683689036,436.83230839719954,506.75177721404265,500.29366573550044,559.7300351666447,547.2555995270327,519.4552233301157,507.3278424667858,504.4350377478914
12,1996-11-21 15:37:13+00:00,L5,473.06433590098436,424.4264647052492,439.4483733952979,506.7819422608834,505.13304392200513,575.2545004626443,553.1641098666801,529.2558231856792,507.2291077856765,506.57779596122293
13,1997-01-24 15:40:15+00:00,L5,500.90428169836605,436.6727265066024,460.68186480195925,532.7671551678102,528.5245191272719,571.8251923618592,562.7693493012039,536.5730871694772,529.210832273738,535.339965855668
14,1997-07-03 15:46:12+00:00,L5,483.36008175749527,413.29860483238264,458.11808155154824,507.3590452861586,513.5051825949878,572.5835193220042,551.8898170810529,530.575164712695,518.7664577382823,510.07854551765803
15,1997-08-20 15:47:48+00:00,L5,493.19902759228086,441.35709951764807,463.75847631875297,532.7086661692558,522.096805953243,590.1037399805784,567.1979785941738,538.6861971485148,522.1623834558419,516.1639987783645
16,1997-09-05 15:48:16+00:00,L5,468.2630965252992,401.2454483637007,433.6514566892307,521.0823084173983,510.30235815180816,571.461008427424,553.4205615856882,530.7405519034332,511.42752748594313,510.16292185994723
17,1997-09-21 15:48:43+00:00,L5,460.8635180471449,410.0496974073956,439.1450041231392,509.7307483499759,500.1736690415648,561.9855215469042,543.168891050386,535.3615961474354,513.3282816532286,502.66000431852166
18,1997-11-08 15:50:01+00:00,L5,451.37342794326634,405.7743054917264,436.2347677033309,492.19804633270127,493.6943298033341,544.3020174619077,541.2894005905703,529.6656236057319,502.60479600494955,492.74894957904024
19,1998-04-01 15:52:56+00:00,L5,494.01847912838434,398.20213794471397,436.7634184802478,514.8090297685463,515.7258886771214,574.8860294980657,560.5863283431762,537.4309648018487,535.0274419708517,521.0656268141141
20,1998-06-20 15:54:04+00:00,L5,487.9958639549723,426.7766657240393,450.76741145030945,512.4531778287887,515.7194749953359,554.447131809987,539.2877551326146,530.5420067005649,502.8943200363893,510.6837290749355
21,1998-08-07 15:54:32+00:00,L5,,,,523.4185579359056,392.6106500521326,556.6101482939283,546.3221538932204,521.8053058621564,511.6313998106058,503.48141926784984
22,1998-10-26 15:55:00+00:00,L5,479.97684431938063,427.8083101421851,436.5529594225452,515.7376280953371,508.44878764042346,569.7218880246014,551.052005418165,522.5075291909018,513.7109810324064,498.0280431492159
23,1999-03-03 15:55:19+00:00,L5,519.6820526944867,440.1817300836479,466.43855306677347,539.6328267439325,543.3833791546317,570.3074146350148,561.9019978331735,535.4027573182364,544.0032592192076,527.8128241776806
24,1999-03-19 15:55:06+00:00,L5,529.9155651000458,450.8049414335874,470.7701139525618,565.8332175318457,560.2003750733828,575.4703190408923,560.4214353325395,547.1156600217589,548.8946745697283,540.8943155649674
25,1999-11-14 15:51:51+00:00,L5,480.4193140918715,431.8691548559327,450.4695417629887,518.1293687992039,526.1601508920855,570.5435940945063,548.6501861220047,518.3512101433256,516.7968633700359,505.68221007593365
26,1999-11-30 15:51:19+00:00,L5,466.71392612369954,419.1159196811714,442.27447738338714,519.7682709803515,511.48783028612786,,,,513.5721404765847,501.2574236466879
27,1999-12-16 15:51:16+00:00,L5,481.9051659350076,428.1748390193419,458.16143410881205,513.1048595811283,515.9868202107435,570.6992997466288,546.2813391067771,523.1896663305378,518.6497467300787,506.7558823149254
28,2000-02-18 15:49:54+00:00,L5,511.4676712455071,430.00818233723777,467.08515753303425,530.9438888492339,536.2990050014996,563.4513547827137,554.4522693744586,543.0347205975421,536.4054626280462,524.3785515882669
29,2000-05-16 16:08:15+00:00,L7,509.9235053642899,428.53837924165555,450.4413950526202,515.3391575390965,522.815045461284,,,518.964131595696,510.53018270098573,512.0044915368818
30,2000-10-23 16:06:23+00:00,L7,468.9292962728476,400.68738148881386,431.7834076344293,511.8863398999209,501.51348199498307,560.974628974205,540.0067524289918,529.3204974924937,506.6271760735407,506.1158625992915
31,2000-12-18 15:55:41+00:00,L5,486.35816762847764,426.6653830897075,449.1799068163308,521.9954776364117,518.62552285716,565.0522618734103,550.4515981114411,542.5483875763545,523.7920016548779,511.72861028615813
32,2001-01-11 16:06:37+00:00,L7,517.7464168911237,469.8831329896666,477.76083792420064,573.1834739773624,560.332421836344,613.4551656350183,604.8357288162315,586.3507273510928,570.6327273501798,565.9999148691759
33,2001-02-04 15:56:09+00:00,L5,498.52896945260665,423.63835116574717,466.17276449706515,520.9352091315513,530.782196150042,569.0218668001517,563.4751286138992,542.1054618274729,527.4155852737392,518.9852257272619
34,2001-02-20 15:56:12+00:00,L5,501.4594850374623,429.34661252193956,467.0981320540826,529.1391600220969,529.1062383169044,581.8634768711617,569.8516088785892,542.9293828458224,535.2670273768535,524.763591564833
35,2001-05-11 15:56:19+00:00,L5,483.6063217162051,421.9873543689912,446.44273663582055,516.7366983248224,515.7498085147145,558.7856506322082,553.3809293690927,532.0834489883816,512.3778720476924,509.52193007924024
36,2001-07-14 15:56:32+00:00,L5,476.1181283356201,418.42354097820623,436.2550397633135,508.8961474997977,509.307146084555,560.8611567472796,538.6113691529644,527.5830868330964,502.34852899675565,507.54677851936384
37,2001-10-26 16:04:26+00:00,L7,478.7384773649211,429.5333266287755,439.90173968360034,516.5397893664103,503.05781666992203,572.7054725462294,548.4360485150789,533.5242320665245,519.7045058753995,506.15357493688936
38,2002-02-15 16:05:01+00:00,L7,490.1616892838047,426.9861762786069,461.938020385622,542.0100997293692,527.8044240490409,591.6492898303106,587.854978172781,560.6904684742839,541.0244382110936,521.8975303463923
39,2002-03-19 16:04:53+00:00,L7,498.6412862909584,427.8611727199556,447.2042093417747,524.6115285283893,522.5204571457601,583.0668678880256,579.2037835782571,553.5679087413189,530.1798450117788,522.7940481206508
40,2002-04-20 16:04:54+00:00,L7,481.30744412371536,425.01991005566424,445.6846288150558,510.49649503722515,504.1545437074094,561.4652206099832,552.9323927700079,533.7286673684604,522.7118055313724,512.8085056003305
41,2003-02-18 16:04:49+00:00,L7,514.4633585202065,441.320938152844,461.74130553952256,537.6186662711664,522.690637083631,601.8095884558883,606.3399475017943,567.3438693587067,557.3758715620341,540.7211345430856
42,2003-03-22 16:04:48+00:00,L7,506.55235201086464,431.90344495039596,450.0088418955442,533.75669903322,516.8418336821643,591.8717939322498,584.1045729657421,558.2929217336931,547.4799888303371,517.217183808172
43,2004-01-20 16:05:08+00:00,L7,486.599875445801,429.187064293245,451.0770472409028,515.0473164211602,514.8893747211619,571.9456083554451,,226.18749917585586,,522.572570755519
44,2004-03-24 16:05:25+00:00,L7,503.2433161347842,426.18829312381916,449.0994917645028,526.5079351923976,528.0433166053539,589.127082178385,576.2286108428852,543.8672660790658,530.8800942932356,513.8370561662207
45,2004-12-05 16:05:17+00:00,L7,,,,,,566.0462332856234,,,,
46,2005-02-23 16:05:48+00:00,L7,492.22159158863093,449.98172448447497,465.81739865495933,534.5572857950066,522.2726566396456,603.6907298381218,593.7859943140094,549.3037907823999,537.7358496350425,528.6325080739883
47,2005-04-12 16:05:43+00:00,L7,496.79166211260633,427.8511442399115,450.8667498726309,521.553946145065,520.1419246367374,594.6688126359356,569.6115086807986,537.5392803842049,519.6814466068535,519.1706169008556
48,2005-04-28 16:05:43+00:00,L7,496.9379249525257,434.1716255364138,446.741896642591,514.0912368420549,512.5583059609468,577.1501196062967,573.9310263703846,536.8955857964163,516.6620392509556,518.1906546826275
49,2006-01-09 16:05:58+00:00,L7,454.6441343374623,412.73195222834613,439.4861329902988,507.1761766221042,497.0366877646692,558.5871342465316,549.6439786063823,531.2232005174909,506.48803886573114,503.781253123314
50,2006-04-15 16:06:09+00:00,L7,489.68047905370526,413.7371770869444,443.06778634913826,534.9570577903395,531.9037019353688,574.8999764687463,568.2233062347032,540.4826061431374,525.5296304603413,510.3098478465117
51,2006-05-17 16:06:12+00:00,L7,,421.6339653236093,443.08241428800346,,,568.7332576967049,555.4106038066167,523.6256632359316,514.2191104129154,513.6724397969093
52,2006-11-09 16:06:00+00:00,L7,500.73455701602774,431.445686149823,456.24445360704556,511.83640951276436,529.7618690192407,581.5265202013363,564.395770019448,526.1894396660217,508.87309685341603,517.3052490008256
53,2007-10-03 16:09:04+00:00,L5,434.7158150678878,420.9125914708098,435.88013161250893,495.0513275163115,490.3866390404954,565.8545752452505,545.9750507179704,525.8577907408163,509.6172438074509,498.69881317098924
54,2007-10-27 16:06:04+00:00,L7,,453.8048034293463,459.1469774004443,,,,,230.459130483037,532.6131086618681,522.9374660223823
55,2007-12-14 16:06:26+00:00,L7,462.85778320693663,439.8212203164354,456.01309583781716,522.908922384134,509.16688457209045,,,,,
56,2008-04-04 16:06:17+00:00,L7,490.31418302318406,429.21562025453477,441.59057335401235,514.2911047669522,505.0378669360675,566.911454388395,550.8904381287874,519.8607083643885,520.45494203052,506.35859489325304
57,2008-04-20 16:06:15+00:00,L7,494.47264644258956,430.11920190403015,444.75674100093516,517.1341331064554,514.8713907897701,573.4764156695267,552.8137292409845,522.9624643852907,517.0360279515648,509.8757075654886
58,2008-05-06 16:06:11+00:00,L7,499.4489988115967,429.51081297513025,444.09096722613424,512.63050709108,523.6685699285516,575.6127613166713,557.449115156192,523.1044103860352,515.1056716084958,516.9406965355554
59,2008-12-16 16:05:38+00:00,L7,508.61596750699664,443.2513758899602,459.3451311406486,532.7705975162321,545.9341130013261,577.7878885406151,569.8299318664072,563.9626355012628,555.7063589521844,542.3358028778063
60,2009-01-01 16:05:45+00:00,L7,501.7387341690164,440.2890241613182,455.80485012159136,532.4442854120776,533.6783813944763,574.5296600299664,568.7643796813825,559.9739472728901,544.9405799964065,526.0659832534499
61,2009-02-02 16:05:55+00:00,L7,498.8718748540958,426.03886494253493,443.22212724842007,525.1712370020894,515.2438874236931,567.0437465655087,563.991004348278,545.8102701433377,533.2169775374862,526.3304440882995
62,2009-02-18 16:06:05+00:00,L7,490.04083483596037,431.1523108812162,457.45771052234,523.5868327810861,523.4488867675548,573.0354326293836,577.0912782689468,543.9069736750488,531.5976183885984,521.2865946537179
63,2009-03-22 16:06:21+00:00,L7,502.3228460348006,414.86164664054945,438.5061255989191,515.226643914706,506.03709177063854,567.1770101438271,553.8965225274032,529.4238101813537,523.266059524935,511.25754343338446
64,2009-04-07 16:06:27+00:00,L7,495.5879338273476,423.08822325740994,444.77010972728266,514.1553556461714,513.7101787181081,567.106002128085,556.243539376637,524.8512744627312,511.92315343075694,506.291216394673
65,2010-04-10 16:08:21+00:00,L7,458.5463626745507,413.278878720995,422.1048631961313,500.31775438202544,499.360355804871,,,,515.3410686095965,500.35298045559864
66,2010-05-28 16:08:16+00:00,L7,494.49310819339536,429.6476804582571,445.9450087170346,513.4350610037748,509.9535974535696,575.0929032077388,564.0453961399536,522.9948009339147,511.452704890559,513.5688072168383
67,2011-01-07 16:09:22+00:00,L7,492.22787262910896,433.557069980912,458.13531903355926,525.9822686911388,516.7494796744679,572.4840202790112,572.2726190767597,534.661951472357,526.5800454360083,519.6137062203541
68,2011-03-12 16:09:42+00:00,L7,489.8669929893454,412.4930228314262,443.1724909173935,508.164119480899,512.6318265694932,567.4029427173058,549.1630257703928,527.8855030424724,513.0140153124302,508.29479722401965
69,2012-01-10 16:10:10+00:00,L7,503.834702843646,448.55543726075103,463.5175711469699,535.9863062412946,551.727413445082,585.4893203662873,564.4175102795712,537.5247669744614,532.0589006840632,544.5851511191614
70,2012-01-26 16:10:08+00:00,L7,511.5364194095086,439.8300609623866,461.0923244242214,541.0560348888366,550.293275510009,585.4660753559608,562.5770898150091,538.7935204367267,541.349258828677,547.3017459493839
71,2012-02-27 16:10:16+00:00,L7,495.1188733800595,423.4688394433215,455.8648270587016,516.75277497698,528.869299314395,575.5568636154643,554.2728372602515,525.2972350230281,514.733049748932,516.9256780568724
72,2012-03-14 16:10:15+00:00,L7,487.1392309716367,412.4674510765615,460.69944299775955,509.93387386859666,512.583280561841,563.3255813859428,553.9648488749378,515.7613734502958,508.68874897386866,509.4200938425157
73,2013-01-28 16:12:21+00:00,L7,489.05030091286494,441.2471358716758,469.24134315780003,537.5117600021035,517.9036462988571,585.0471956133837,590.1319301087739,557.829407894598,552.7853082878718,538.46730157939
74,2013-03-17 16:12:15+00:00,L7,478.5268037909876,415.9364589702192,448.6169229497944,515.269977928055,514.7624816123238,560.4543321115586,554.7506407031367,528.5882023626053,516.001180925854,518.6436189793762
75,2013-05-04 16:12:02+00:00,L7,459.7526028329445,398.9480574758808,434.05834604050284,499.28054931044295,491.2256414865838,554.9948302342723,535.1728518796778,506.59670106399267,499.32021649143894,493.37846153529017
76,2013-05-20 16:12:00+00:00,L7,454.9582898358728,397.7614345240813,421.23948292180967,489.8302518768608,486.77632251468134,,,,,
77,2013-09-17 16:18:06+00:00,L8,453.1946733539939,413.117572034532,439.97347792315685,509.23256137817174,485.539762559165,578.8676772632869,551.1200214177447,524.4397472457699,505.5722308428826,504.0731523823127
78,2013-10-19 16:17:58+00:00,L8,467.190558727685,435.8263662288547,459.7666955417449,517.1528215212451,502.74694598791854,585.8581491655558,569.0429779425,535.8929114618949,509.27992628127595,505.24506607359535
79,2014-02-08 16:17:05+00:00,L8,477.8440675831071,412.72134183060194,444.226953258375,517.1061699682775,502.89310126361744,578.0158536200831,575.2551853588375,538.3400247291345,519.7847345456978,510.5938512630346
80,2014-02-24 16:16:52+00:00,L8,483.98953252515565,416.067339712616,448.04017114124275,516.4187613915358,505.07163676265753,580.4752630785476,574.5370274741906,544.145763674794,521.0135069677181,508.9708757525021
81,2014-03-12 16:16:40+00:00,L8,484.7017063173964,,446.72129822330373,515.4005981602116,503.8605881942502,577.1116325392051,576.777782942047,546.2417744535048,520.9979357610783,508.8411043843778
82,2014-03-28 16:16:22+00:00,L8,487.6603591486278,413.8626812515473,447.1378448689398,512.5157469717847,502.97837609754015,582.0748896712519,576.9778678061432,544.6835765495402,518.3560791625906,514.573659541009
83,2014-05-15 16:15:41+00:00,L8,,,,516.617413382853,,,,,,513.6189482520477
84,2014-06-16 16:15:51+00:00,L8,479.03667012973625,429.56869600080563,447.0140199152774,513.0604449061434,512.592103500456,577.9546972410683,570.7319601381201,534.8036578706977,510.80282964511173,505.18502374341716
85,2015-01-26 16:16:05+00:00,L8,474.771198654789,418.68008699804807,451.4700331430117,514.8321731845248,499.51886489768845,574.7846878706941,567.5925703267791,535.1326481358361,516.193430074808,513.7530741561667
86,2015-02-11 16:15:59+00:00,L8,477.2569127902036,417.9753557421212,448.374172607589,514.015751691066,499.0622089954709,574.2837476369491,574.4442646806617,535.3450590914763,510.0425962657051,512.8933606323425
87,2015-02-27 16:15:55+00:00,L8,471.21110404559187,397.2572976712606,440.2500675591025,507.9882032058383,498.53619203060674,574.145935637587,562.7831577321625,528.1050900561181,505.30795995477575,507.0091868228453
88,2015-03-15 16:15:44+00:00,L8,466.4836021763265,399.01952241134717,443.2376808505517,509.1575822750942,495.38349786843304,570.5879383466352,554.1386497464464,522.5848339460641,508.79529676336847,503.4037667946718
89,2015-04-16 16:15:31+00:00,L8,471.66355956506305,399.28098128920266,432.1383969823306,504.28072882758323,500.1647082504942,562.3555035150399,541.9643425999843,511.05587394775847,503.96568223464675,498.4758003277634
90,2015-05-02 16:15:20+00:00,L8,451.68833726719066,399.5167947982475,442.7456654274712,500.14745987275137,474.30089905177226,559.9216288087928,540.9456781112996,509.4271635193495,495.40654038882235,492.9093223872987
91,2015-07-05 16:15:35+00:00,L8,,424.7384161732103,446.50384128013036,,,580.1815146756321,,,,
92,2015-09-07 16:16:00+00:00,L8,447.57065682641206,398.75627495561224,421.55598679848185,488.46415529674294,471.49289493627344,570.5635640884108,547.0686512178379,504.2670512226179,480.8370731525288,487.70026577777264
93,2016-01-13 16:16:13+00:00,L8,458.69611499629815,422.6736447664081,448.54570308611926,,,576.8928918535632,575.9695972621366,540.4253186391807,560.4346832465015,528.2502274899001
94,2016-03-17 16:15:57+00:00,L8,467.6594001551515,397.3090905241001,438.70004191253344,504.90651142772265,487.1507224443131,567.9127846003097,560.3823226264109,526.0787216231146,506.84545685997875,496.06706324640504
95,2016-03-28 16:30:19+00:00,S2,482.17421894363866,411.367157152191,436.78863860990225,511.3693347346411,497.9745279353661,569.0619092442607,560.814996198969,528.1655432065726,512.9210733363342,509.28028441535383
96,2016-04-02 16:15:47+00:00,L8,468.72833544563,394.6757503549777,429.55580970868044,501.47195816948226,486.15164247454976,565.1008934323306,553.8778696139577,518.3845328019192,503.65028013422886,497.71790465933725
97,2016-04-18 16:15:42+00:00,L8,484.78417714578313,403.3460859020927,440.29441304106155,507.6998832010425,502.19791378879546,571.5516509315565,561.6833670963728,520.2386093984655,510.4024483527894,508.08682460371665
98,2016-08-08 16:16:10+00:00,L8,494.2519195989703,429.5411874417715,445.8224223210425,519.3289272572255,527.5768976120062,576.3788421259219,555.4054624357831,509.8561756601937,502.8971751631805,513.5735570888
99,2016-10-27 16:16:29+00:00,L8,479.9023513374523,425.3440629429002,444.3026216803206,496.243014442488,505.26742628021765,573.4789570918017,552.7786073841385,518.1596081153485,495.93478646171303,503.5111377899393
100,2016-11-03 16:33:05+00:00,S2,491.6008864382858,435.3259862828918,456.3481996350358,514.8224942868419,526.3481950162804,587.7010903306374,566.5312377392329,526.5855591082694,502.9374660169155,515.4416411355347
101,2016-11-13 16:33:06+00:00,S2,485.49124026024697,,456.2948955025836,507.2254768509853,519.5955723589507,587.8950254483134,565.5144130208007,529.007003191095,507.78308716237933,513.24410930403
102,2017-01-15 16:16:18+00:00,L8,526.7363164980724,448.1664997595573,465.72432823452584,556.668098110358,563.5224046924667,594.1339304645871,573.5020160595466,562.9780767729017,554.9795404477532,556.4274645436032
103,2017-01-31 16:16:11+00:00,L8,506.97419825181794,433.6806750010701,460.8568083459494,540.2724613077114,538.0811452925395,576.6956279950944,576.1238610654534,553.060378250984,543.7370720841517,535.1441362564524
104,2017-02-01 16:33:01+00:00,S2,511.8244502232247,429.1312269809837,460.0640323776644,529.153982662694,540.128117627832,572.5427111880169,570.4431872556322,549.5844528680634,538.3134950403044,526.098531047128
105,2017-02-16 16:16:04+00:00,L8,496.55422155647017,418.5113902082594,453.2981833559572,520.0433282744546,519.922842285459,575.245489340085,564.9954589305795,528.5601476192618,522.2557354810788,513.5202066223862
106,2017-02-21 16:33:49+00:00,S2,498.66404181320894,419.1895872929566,450.5934346697986,511.7394150835943,517.5820347432116,574.8261122910766,558.1108095744225,527.1261156307879,512.1181928193558,507.3360835904716
107,2017-03-03 16:33:00+00:00,S2,526.0046365821336,435.46154131744726,465.43304647665434,542.9720658920967,539.7882733912696,589.049716388069,575.3835260040305,543.2637165225732,541.1562961198853,537.9692261507021
108,2017-03-04 16:15:58+00:00,L8,500.39196215421987,412.6930756928438,444.65121171291946,516.8423446310937,516.0247231499112,572.91445227178,561.623497657687,519.7237271181574,513.1568407880071,512.8092048857624
109,2017-03-23 16:33:01+00:00,S2,502.88551843490103,419.04870881273825,445.55621163840635,509.98835703812694,517.3024637076901,564.9313336796035,553.4721389441229,524.3644300574574,511.3200480182449,504.5186687539222
110,2017-04-05 16:15:41+00:00,L8,492.47580867450006,413.148380995258,445.86931016666887,512.1638157508418,511.1553938558079,560.9373488675295,542.3693316439048,518.901226568905,508.3858893361545,502.94941278979115
111,2017-04-12 16:33:54+00:00,S2,508.443789677425,424.26775516558484,451.4479395405066,526.2679523579603,530.3081917772786,577.0095858897391,561.3737414561836,536.2257527973368,527.5813980106209,527.7890468151045
112,2017-04-21 16:15:31+00:00,L8,499.4915947648309,419.61731786249936,447.06899233646095,513.8933122304068,519.2928556335231,569.515021824123,547.4469309943689,520.4456703429047,508.48795543056343,510.717307627245
113,2017-06-01 16:33:54+00:00,S2,467.7429026002079,402.6359547711548,438.4353497872352,485.34660222065145,501.21759740928894,556.0099866564735,539.3901948940577,508.7284641376939,490.7907831404546,492.20687946725127
114,2017-06-08 16:15:48+00:00,L8,,,,996.6276080462927,962.6493592392561,573.4925936568706,548.7104994282586,518.9445503555272,496.66172699940046,
115,2017-06-11 16:33:08+00:00,S2,489.19376757765036,424.9810144509783,452.98728937187116,520.3847592031055,517.2447444432721,580.2051125603726,563.1543517021254,537.34883849633,507.68357181022213,510.295740217061
116,2017-07-01 16:33:06+00:00,S2,464.7978932847907,414.7297634964651,437.78780984051997,504.8083834357326,494.41451682244025,571.9758906183624,552.5215866084257,526.5948919853083,500.7055798667136,500.77419249538605
117,2017-08-25 16:33:31+00:00,S2,450.1654589088447,,,511.56367883830967,515.1021234903525,,,,521.8254687302732,512.8383343827226
118,2017-11-18 16:33:04+00:00,S2,449.85331248932664,442.60759928893293,450.65721516156924,511.9800733558934,490.1250859126032,589.1943705233455,566.0463293539484,539.0377513425998,512.5545823909356,508.6114154577248
119,2017-11-23 16:33:43+00:00,S2,450.82546104071173,438.77331842848776,449.7804877209754,505.47113369283903,488.42213863625364,585.8283252880283,563.3347415870699,539.0211816248265,512.0458083338355,507.7131311302576
120,2017-12-01 16:16:17+00:00,L8,414.3224812209637,,,496.892487532943,469.4032888598428,,,,504.7761222699239,500.47824569621815
121,2017-12-28 16:33:01+00:00,S2,440.9675512943971,425.66323391526316,439.5722074441002,506.2097068343788,485.36776938896116,573.8898012886086,556.3294360631608,533.2909971652972,512.4955943743339,503.6365852548091
122,2018-01-12 16:33:47+00:00,S2,453.20358729230946,426.0483625033523,446.2119247635041,507.80727264116234,491.0709031987827,575.7646636175944,564.4555115072255,542.7539400647223,522.6134656991081,508.21827182415655
123,2018-01-17 16:33:48+00:00,S2,463.0294550130035,438.7257718520928,454.6186839257079,524.4979229659323,520.1473195930216,585.74889169878,584.4079565722241,562.630247577164,543.5282625206304,523.8560513745881
124,2018-01-18 16:16:10+00:00,L8,458.3361147868118,434.36237029902225,450.8623261552234,528.7148275493796,515.7509545944434,582.377124179289,579.7721488558285,564.2811863558705,545.9825636361145,522.5819571536704
125,2018-01-22 16:33:48+00:00,S2,458.6011861384636,448.4341165379035,450.078011249302,514.0148667777562,508.01506377378615,,,,532.2595197912257,507.3859886256203
126,2018-02-06 16:33:03+00:00,S2,451.48884526763516,423.727797563352,448.12302761607964,510.9150984205623,495.3852259142268,580.98171369063,569.343840626384,541.4436558986548,528.7194941155728,507.4102797265861
127,2018-02-11 16:33:00+00:00,S2,456.32266718846427,417.6794801185177,450.1457793421664,507.86248877446025,495.613415523802,581.7565419707521,570.9686493644147,539.2515877118032,521.3115699597945,505.67876777050725
128,2018-02-21 16:33:47+00:00,S2,457.5120647580923,,448.5018126885286,516.0632478725219,499.06325808213757,590.6638654265994,577.0491117344247,550.8921230240846,540.3196586260682,521.4990343464115
129,2018-03-03 16:32:58+00:00,S2,486.17213647294847,442.3913849073559,463.72755725886987,538.2795411462869,546.3945932137353,596.196046671857,590.4525169376273,573.8235455475984,564.7643553305298,542.3955405114691
130,2018-03-08 16:33:03+00:00,S2,466.12709631150443,413.5727111799547,445.8767247108203,511.3524311179412,503.7282614842408,581.6627452731993,566.8296510791643,537.9140191795836,524.6202420910143,511.54252176257665
131,2018-03-13 16:32:59+00:00,S2,475.1339437481576,428.35737701374325,451.971655150125,515.6678627770593,513.1838577029247,580.3386310790067,571.1756731106868,538.1131933713696,528.5050975561282,511.2609137712735
132,2018-03-18 16:33:04+00:00,S2,482.77133509848125,430.0670503862664,448.5612562628993,524.2113468334961,512.3950553964946,577.0892146536819,570.8679671934156,531.0520522569914,527.6332356473017,512.6660956115842
133,2018-03-23 16:33:02+00:00,S2,481.29986013059676,428.8246781603725,455.66643583214193,512.5044026710076,509.2591784018278,583.1457425248793,572.4456594089846,540.3322574833504,523.8450655657389,516.9645032736099
134,2018-03-28 16:33:06+00:00,S2,460.21872606229016,403.73311924130337,434.5189476509962,496.27544885217725,489.2361958609398,560.2439360393597,552.5888341929227,518.9463857536816,504.5641272625343,494.70882571376916
135,2018-04-02 16:33:52+00:00,S2,480.8346533858298,431.7959833614977,459.0751501210176,519.3394201883849,522.4909239195231,578.6820595860679,577.1708743362217,539.5391902576421,521.7709197058438,523.3083778615135
136,2018-04-07 16:33:08+00:00,S2,467.58900668854204,415.53209799085073,446.0863110349376,504.28476972657353,505.8882412081936,570.4083072499099,566.578647955366,530.7017613185095,512.4344748863449,507.1850536087729
137,2018-04-08 16:15:31+00:00,L8,457.3442111842726,397.317088759292,438.2854104023412,497.75099549715554,499.61850099480074,568.844191377002,567.9502881105155,519.6748979570757,504.34072110921375,499.7988605092608
138,2018-04-12 16:33:05+00:00,S2,465.324481708536,,,502.41065424148906,395.7655231755623,577.2525186619928,569.9040395716175,529.9158470747863,419.81412507429025,
139,2018-04-17 16:33:56+00:00,S2,492.35808039937774,429.34022942147374,456.55517856470817,514.3515068533827,531.7056758369457,580.9133169461036,579.1720383948647,537.296206935577,513.2356664287723,510.18124743198956
140,2018-04-22 16:33:06+00:00,S2,477.52364124298884,421.45379073680414,455.1228628438545,512.7650095698782,505.19878176701314,578.2724720536764,568.0847965301296,532.9025896218625,512.7309468864019,511.2568794622563
141,2018-04-27 16:33:09+00:00,S2,461.5112324835576,402.50885096448866,435.6261000628098,498.14362064029945,492.04838039867303,575.0058570469112,559.5432731034578,524.0778617060389,500.5900326191338,500.6737938576548
142,2018-05-02 16:33:38+00:00,S2,482.6740107398997,427.02659697861424,450.6759761846181,500.78273852312657,521.2076929660527,575.2553427708626,572.713726037975,528.7242345753162,509.9847038134344,503.6938808880453
143,2018-05-10 16:15:12+00:00,L8,457.3380882582168,398.5318952434462,438.6245147302391,490.19184161761643,497.59304488239064,564.5037578736876,557.3266353965487,518.9793297535755,503.03708011567875,491.5515257130025
144,2018-05-12 16:33:06+00:00,S2,462.4517262755845,412.7923303954143,441.76177506896124,496.27552389769215,499.2218259494165,561.0738870006223,556.2536248971901,519.6238560760371,502.25915511256676,496.10631885885
145,2018-05-17 16:33:10+00:00,S2,,,,491.7640919148322,,,558.7500419387246,,498.17214949603755,490.4681789038702
146,2018-05-27 16:33:57+00:00,S2,466.2374091354072,412.9656579837738,435.85313202603163,492.49686769515694,500.64298911855536,569.6901369660757,552.8694492019596,512.7372951824153,501.9655921949247,489.57448375105554
147,2018-06-01 16:33:04+00:00,S2,482.1851709240133,433.1499718469746,450.6211907538162,506.29559199746166,521.8964138211212,581.2722117679854,569.3252042744869,537.7473536996227,511.07830567962924,505.4304407901616
148,2018-07-13 16:15:18+00:00,L8,477.55718017660524,429.83260069833193,446.65746743302736,516.9666323723761,506.7656290885266,581.1838741898141,562.7446771006194,528.1075377704212,506.2720912116902,498.55106765906635
149,2018-10-04 16:33:04+00:00,S2,441.0248117666945,392.8021231940396,415.4588822916763,491.52008153497843,473.6653895332068,559.5070659148445,530.1009877854618,506.00711015582453,492.59152233895657,418.84270747709184
150,2018-10-29 16:33:05+00:00,S2,461.0596457759493,436.68202864873865,455.57636284316374,522.4453635730706,504.34352519975187,583.6794726725866,572.6985087561101,522.9771391738932,508.89958768145465,508.2514469165039
151,2018-12-08 16:33:50+00:00,S2,506.02809497284676,443.0513392603523,468.91689996026525,539.422082350888,532.2514022445903,594.0589870126837,585.8062206159719,553.6897663691257,515.2005052333254,546.2627667522517
152,2019-01-12 16:33:51+00:00,S2,474.9259260905072,,443.20047046113825,517.8025422593813,510.54406747126325,574.8043279656015,559.0967255752884,539.8270787690866,519.8416997792754,510.2007000881776
153,2019-01-22 16:33:52+00:00,S2,514.5679869712183,452.915650967585,472.3512539808672,585.9446686731867,543.6035441208146,590.1561846435864,579.9347823657231,552.4140923463556,,945.8748676876507
154,2019-02-06 16:15:54+00:00,L8,500.7060327327625,425.59201349725805,452.78345170811446,539.4592776798156,527.6182848462237,570.9066673089642,572.8047568457221,538.6234017517104,527.0589485016644,524.1937250258993
155,2019-02-06 16:33:56+00:00,S2,503.9031361927726,439.796875363573,460.00834961712593,537.9638102658143,534.497791336929,577.5302112624942,576.5472773835932,551.7929975601754,542.6262075497352,530.4235839332399
156,2019-02-11 16:33:52+00:00,S2,484.8908089310325,414.48715845014976,448.90477605121885,521.0247362615542,504.20200790359195,571.7427860218917,563.8136682314215,536.768993091934,521.1758822307188,514.9288824516556
157,2019-02-16 16:33:55+00:00,S2,488.11903312881566,414.55947150669493,452.33364161500356,521.0719378960385,506.62429672623654,571.0362714970348,562.3364206476551,533.149554918241,517.2037768433019,511.1461913329109
158,2019-02-21 16:33:51+00:00,S2,520.6117419003781,453.8876186353855,466.3183187015096,565.3567918148226,562.9869841967185,585.2439567519459,586.0915601671011,575.4066920412894,564.71195638416,559.4197262948993
159,2019-02-22 16:15:51+00:00,L8,513.5235991374084,431.3943488157748,451.29298576605805,561.1996454434,557.6247822145943,579.122944833414,577.6545430962967,568.0978448905039,551.9975310789343,543.4879624506799
160,2019-03-03 16:33:50+00:00,S2,484.22492625015394,412.44472074168846,441.5551244455039,522.8125825941249,515.3935796682634,570.7748086632946,,340.5786369688151,513.2576605477741,511.7613730799518
161,2019-03-08 16:33:53+00:00,S2,506.8678089608923,429.26512750815243,455.4830122576964,,,585.8575169157484,580.2552691732333,555.0288039471836,538.7168117963594,
162,2019-03-13 16:33:51+00:00,S2,484.3924872809173,408.7950457523539,441.842312664138,517.7448841031961,510.6117736470591,570.7476236189923,556.4036626605922,532.5003599982263,508.19775044610907,504.2715117150503
163,2019-03-26 16:15:42+00:00,L8,483.509026263152,397.69198222530343,443.36572373581447,513.7345504057157,499.3686372590509,561.2876028799774,549.1353224914569,526.2483706165286,510.49864291028257,505.77360381419516
164,2019-03-28 16:33:57+00:00,S2,473.780338896292,402.893732799013,445.63553306781205,509.0067820004211,493.40112880084547,565.2075146444406,555.9444415474469,526.6232826810661,509.47275197476677,501.582436247264
165,2019-04-02 16:33:56+00:00,S2,487.45310333585417,411.93086158805573,447.4581744540887,513.8810699311014,501.8418772534093,568.5336635285321,555.9302185666886,529.7798116575647,517.122028120429,508.8502503558266
166,2019-04-07 16:33:59+00:00,S2,516.5736438218984,438.250861094541,465.88177144847623,539.3110572646776,534.9406245910436,586.7316634776993,575.328988854061,558.4213859698567,544.7830304095953,548.5916494885197
167,2019-04-12 16:33:57+00:00,S2,483.1874117132817,410.7653943435579,451.03149141217733,512.2060175090842,500.0803920900137,567.4978573296737,555.6318850359507,528.6828908237601,508.83822366305475,512.1198081550766
168,2019-04-17 16:34:01+00:00,S2,485.4699475329706,,455.51997413661815,514.4815098657525,502.73840657468935,569.7862244025023,556.9776737727032,537.9083658287929,520.4087337330699,511.4975833577252
169,2019-04-22 16:33:59+00:00,S2,501.66760894080096,418.22059195488805,455.57110998531766,535.157810242097,531.6602128195126,569.3439910968175,560.5119700101815,557.5292733321231,539.6657840923682,526.3934900694414
170,2019-04-27 16:15:32+00:00,L8,471.9500050451033,396.51984851021314,443.44130911635096,511.9054383616455,498.8711899987124,556.1048132668299,553.6577497757278,524.7691135559163,509.9023627016951,504.1057826576043
171,2019-04-27 16:34:03+00:00,S2,,,,,,,,,,
172,2019-05-02 16:33:59+00:00,S2,480.2585075774943,411.48075930087737,451.1421249307183,514.4766400498182,511.8671932936066,569.787381519016,555.8124025935019,533.6868124894687,514.067908591378,510.6574251312733
173,2019-05-12 16:33:59+00:00,S2,464.77800233540125,397.6495615589749,443.4245834283211,501.0158800858846,491.5109990698702,558.4059740767798,550.7207073222642,520.4238632145837,512.1239311298082,497.09642612247353
174,2019-05-17 16:34:04+00:00,S2,501.9543488579555,411.4582643599007,450.2919377190177,506.82240849140754,504.060739866105,575.1477029856018,556.8998154680781,522.7206898805881,511.6972282045491,505.00551679863406
175,2019-06-11 16:33:58+00:00,S2,475.0325148571852,426.25878611269036,434.0711045187276,982.9450733131953,999.2096038088588,,,778.8939453465593,,952.4542511984458
176,2019-06-26 16:34:04+00:00,S2,486.56598486921007,409.0000383366608,442.0406868610057,502.89183464868495,493.4493650410737,567.13952808234,543.2525363169287,517.3825622197484,503.18319551702274,506.4365815017798
177,2019-08-17 16:16:17+00:00,L8,468.6400744618119,431.27083686936476,448.0440609697773,513.6231399705193,499.5714888261239,587.7208855979086,570.5646114039052,529.479119526193,506.5641611442458,509.0289725981098
178,2019-10-20 16:16:32+00:00,L8,451.18626400918663,420.03452049434196,432.2911062431827,491.75370237586657,482.5732301189438,564.9084786916492,548.9064814147144,528.0060631712812,502.2723985952585,494.24824197005483
179,2019-11-23 16:33:52+00:00,S2,994.9747660924497,403.09437313521425,427.24203111759016,365.55029631164825,398.0534626116,568.6668767174484,565.6465084531253,536.1407920622669,516.5467380771103,505.48643702223933
180,2019-12-13 16:33:50+00:00,S2,489.3872777490531,442.93501414800187,463.194927039113,540.209009071571,532.3803588249605,582.5339040583344,596.5795837575575,580.7609045565239,559.1634065197153,538.3962553667118
181,2020-02-01 16:33:48+00:00,S2,477.0206753659484,420.6907849982832,448.0648807829223,514.4962078892653,505.42900727424905,584.2796297282417,580.2171875102579,546.365113820451,525.0141868625998,512.0625601397271
182,2020-02-11 16:33:50+00:00,S2,,,,,,619.9995439884058,,,,
183,2020-02-16 16:33:49+00:00,S2,465.0942264261648,,445.91486459372857,509.6489369785161,495.5996946144248,575.9700506214017,,,,498.5115884932934
184,2020-02-25 16:16:07+00:00,L8,481.02764442001245,425.1349712372347,450.0530348331434,532.0638748415354,521.5865797804569,596.5600803429062,590.4348768932869,559.1985946727747,536.9023383041163,511.8793647506358
185,2020-02-26 16:33:51+00:00,S2,482.1057161567126,426.0722488854911,455.7850755028626,538.7795829817752,531.9569077387146,596.5424283932441,587.5942761595446,560.4379844102443,541.7601798017039,517.9397160583718
186,2020-03-02 16:33:53+00:00,S2,470.8621760167457,414.5573840740128,449.34064886869163,518.3843258829676,510.917842329006,581.3513836955481,575.9483942350964,548.07172728165,521.6007022916941,504.7323792122961
187,2020-03-07 16:33:51+00:00,S2,482.51994988891045,427.48168061112807,455.28282833060416,528.2409500866944,518.8189275787988,591.7098540301605,584.9953507489929,557.3063072387134,532.3520301227979,513.8179021076791
188,2020-03-12 16:16:01+00:00,L8,497.4756472810991,429.26599055198903,451.82641496557096,541.7950511631029,542.5690227269058,586.4193367888224,586.7984185949725,569.3975560630327,560.3460297540547,533.8422617763334
189,2020-03-12 16:33:53+00:00,S2,517.5781776429036,448.1139414460571,471.27227066643354,558.284386452789,561.1688984342137,607.8919306089059,608.0500306781676,590.4657305485565,568.4889528032799,548.8236824840847
190,2020-03-17 16:33:52+00:00,S2,474.0763544006534,408.2593143047394,440.49474840007014,502.7491304567021,501.8138642676893,573.2691496789757,564.6587181384837,534.4077232309445,517.7233029569073,502.8812376279226
191,2020-03-22 16:33:53+00:00,S2,496.34559700028643,423.62737840431924,449.9938697565533,518.577321724988,517.3840458639172,581.8667826530162,576.3845353966727,549.1300549377653,534.1735869509566,515.1679247958186
192,2020-03-27 16:33:52+00:00,S2,511.00807326127574,431.16420705633925,457.3546286012838,525.4237523780123,528.2417462592005,588.6383803766894,581.7635914990261,562.1330316786252,555.438892378135,533.1718758793492
193,2020-03-28 16:15:52+00:00,L8,499.54514498972065,422.03848316402275,446.8641054535193,516.6463937019821,515.1438891990135,576.7613126789659,574.7784900332658,550.1017429922911,536.4642242642985,518.5246825388714
194,2020-04-01 16:33:53+00:00,S2,492.2177029518679,420.05730603279085,446.3692365128352,510.7227689903857,508.0034225070023,576.4579703739151,567.8108702767584,539.6920679945899,524.8095019530247,515.0819953127021
195,2020-04-06 16:33:53+00:00,S2,479.8173003362622,408.74633907779713,441.18531305575317,500.2571350746284,497.76327159697144,569.6702162062857,559.4943338748577,527.2185356190972,513.5470701654692,503.4007390915125
196,2020-04-21 16:33:50+00:00,S2,488.93888867579744,428.27635601278183,454.35628408646215,510.54127851953126,512.4858424518882,575.0680136866642,567.2006947521553,536.5994378617202,521.7657634853534,510.7134721007227
197,2020-05-16 16:34:01+00:00,S2,471.54688048253456,404.36548429797585,436.73243581603725,502.90884945158615,501.3689660165747,562.9378527846261,554.669996675447,519.4945622059297,503.6565015677504,498.3691008370476
198,2020-05-26 16:34:01+00:00,S2,494.0747037515854,423.34597920008844,447.20091552629736,517.7723566906534,522.447429939222,573.4392321888922,562.5569369334607,536.4755526540146,518.4917270693896,511.2243443977942
199,2020-05-31 16:15:38+00:00,L8,477.9120546696563,398.32347505395484,443.933691021293,497.0982424009693,497.62750013510293,570.7209452535104,564.4297963995111,,,
200,2020-05-31 16:33:57+00:00,S2,477.09162035891586,410.0216984118835,441.07996834638135,500.9055492028557,505.27211330162277,565.1971720728568,551.8141204232157,520.827819691832,508.13187595681677,499.63349909451375
201,2020-06-05 16:34:02+00:00,S2,491.151656802338,420.35790555202266,447.4078908920807,510.8261530049259,516.8461401472506,572.6630510154573,553.1933233640461,524.0258290241542,515.1491292914643,513.3451285170909
202,2020-06-15 16:34:02+00:00,S2,464.7608839066185,393.75889351540735,426.43511084819824,504.52023269499597,494.96462697114333,562.2443048524652,539.0391737035883,510.3184662577723,503.110769514703,495.42257859493805
203,2020-06-25 16:34:01+00:00,S2,484.61552238215097,435.06811525474757,455.4484762452506,534.5693086756544,523.0631158742248,586.6552100662183,562.4363065852001,534.0355557419966,526.9298018852512,503.58149677477115
204,2020-08-24 16:34:01+00:00,S2,466.7820685548082,427.79128157339,448.320316319857,519.393893936781,507.8612541597694,573.5505587181833,555.049255570262,540.1977781764438,510.3588140741077,509.3237561705429
205,2020-09-03 16:34:00+00:00,S2,461.20465881075523,432.83716309711883,445.9726790240836,510.1472203008199,502.2179827627876,585.2425980397807,565.1410875663992,538.5195293180126,506.83258769985497,513.4314142766332
206,2020-09-04 16:16:19+00:00,L8,460.8320725843017,436.1572534303164,454.8398811035474,517.39870337332,505.74369117119556,607.2736225213876,573.653020617797,541.9072224547258,510.05695666918484,515.6213426357589
207,2020-09-23 16:34:01+00:00,S2,,,,498.1837714135828,484.22838495328364,,,,498.24922068109146,491.5318116511449
208,2020-10-06 16:16:28+00:00,L8,457.8193082433417,430.3865434739899,447.4394114724054,509.9270600887081,494.8992281907289,580.0602682658266,559.4560378374036,535.768937978995,504.6998831981349,505.64061387335477
209,2020-10-13 16:34:01+00:00,S2,448.96384739947337,409.1128347614997,430.38995764527067,500.06333502828625,484.9870284012071,562.7144552549703,550.1101843525644,536.5605020407021,506.16237370460215,493.85092867201456
210,2020-11-07 16:16:26+00:00,L8,454.1669194110082,428.9893959445836,443.7985915192836,492.1642603114579,491.01967036203587,570.6642072995353,547.3233721269906,521.4727401096513,508.44379484916027,497.3127329969577
211,2020-11-07 16:33:57+00:00,S2,463.8651712529977,433.0708164470887,449.33836860782503,504.53214315492477,501.01676170998985,579.4919945068638,561.597967282785,532.5907368999478,518.231618506284,507.2518679957858
212,2020-11-17 16:33:56+00:00,S2,498.87471094442395,469.7795142812873,469.7112298142422,534.8994141229904,534.4987202707457,610.4152398266564,586.1739833308902,573.1188647510332,550.243522078939,540.183655689866
213,2020-11-22 16:33:57+00:00,S2,472.8455380747,421.44347354922616,444.1712748048742,506.88348953733265,496.8405705646558,579.838410546269,562.5068768314627,540.9783026788131,515.2209745901729,507.6677586184021
214,2020-12-02 16:33:55+00:00,S2,486.2624635579089,,457.4218995679596,528.7781127626212,520.130731801831,594.2929075852921,576.2295094950439,570.2968165370398,529.7462803591882,531.3307857310049
215,2020-12-27 16:33:53+00:00,S2,481.6417270686631,439.4444085070096,458.2871095486472,520.0863360638966,515.8020143309885,,,,545.1852329110861,522.2850335486962
216,2021-01-01 16:33:56+00:00,S2,489.90133306707713,446.74323430033957,463.56162119600697,534.3684376648215,534.5152835005666,584.8894488739297,573.2163892340791,590.4692499960331,540.5169509874121,540.6683560140048
217,2021-01-06 16:33:54+00:00,S2,474.06930494617694,422.0667410047548,449.23478721782107,508.8747862618549,502.1725919433056,576.4701390047023,561.4428158915451,546.0840521361072,516.8007183140642,515.8590094674717
218,2021-01-10 16:16:21+00:00,L8,459.4890982219085,400.4144573890076,439.14282454130966,495.90025021812613,492.71759141651,561.7710168829578,547.7917966359093,533.859269550527,505.387880866887,504.2873951856999
219,2021-01-11 16:33:56+00:00,S2,466.42397251564745,416.8846420723184,446.4720411828747,507.0362786613891,500.9363914558014,573.2243266214552,558.8575626878023,544.8729583076744,511.2930786056554,510.36212195237795
220,2021-01-26 16:16:17+00:00,L8,462.7893726595309,392.1533052587649,437.56899396376394,,,,,,,415.3301363190354
221,2021-01-26 16:33:55+00:00,S2,,,,,,,,,,515.2583477864627
222,2021-01-31 16:33:55+00:00,S2,500.7560220166433,444.015940073714,459.0466031542486,541.0179720782742,542.2223766944164,584.3066441890946,586.8194376191175,569.2093523483401,559.8504367661568,551.8243519490787
223,2021-02-15 16:33:53+00:00,S2,512.2230558866348,441.8749345052339,479.7441369803581,541.6761148393093,534.0811997638293,610.0086648573409,599.7656161788839,,,549.0415825481596
224,2021-02-25 16:33:54+00:00,S2,496.2115828825905,432.4421482439655,469.473747179313,529.5470487088587,522.7199569169641,592.7017344166323,581.8215500974297,553.7589266907479,544.7466356766918,534.230200888457
225,2021-03-15 16:15:59+00:00,L8,499.5292006939123,430.4714258705891,461.9859663552363,534.6691075943347,528.8467468128089,589.3775967935785,579.6833654111846,557.1535483756256,542.9773321613267,531.9791436246319
226,2021-03-17 16:33:55+00:00,S2,499.25022947948605,431.7041023880158,460.9685178673792,544.3967551754392,540.4386756615539,593.1873484498537,587.0281367929631,561.8686967161998,551.6616043836856,541.7838236720002
227,2021-03-27 16:33:54+00:00,S2,503.9746885264744,436.02032073931036,459.1789305884255,528.4432082460052,525.724597514848,588.3296815129137,577.9165567186676,552.1232451421293,538.3001483754233,529.2386009718487
228,2021-03-31 16:15:55+00:00,L8,514.316132796935,431.7904803105946,459.9642664465617,538.760732522589,542.6318422502047,583.0102219280011,579.634611656483,564.384032874088,547.7377328982627,539.0004733109379
229,2021-04-01 16:33:53+00:00,S2,500.60024032823475,430.3780759617985,457.7670504063665,519.4232812392908,525.9178409356663,582.3357480476393,572.6343786174664,549.0851141402517,534.2016463105009,526.4549441103494
230,2021-04-06 16:33:53+00:00,S2,482.98290314807866,418.2643475563445,450.2467314712219,507.49736514144274,503.3529409809019,569.7839985222206,558.590617041388,528.5322282043578,518.0336108526811,509.12269677182417
231,2021-04-16 16:15:49+00:00,L8,483.0566735255001,419.97987063200196,450.82495172510204,513.1939067278765,504.52929158909853,573.2419511017129,564.7814716558564,527.9982760018503,522.2479663413255,507.6460681050486
232,2021-05-01 16:33:53+00:00,S2,494.41547509956666,422.9541819142132,450.82008615070345,511.30731055816017,520.463001398126,580.5014023087748,560.4264626067996,526.8952882904887,525.3668915644034,507.75364607026836
233,2021-05-02 16:15:40+00:00,L8,475.880683600299,411.0181466803761,446.1173626189592,501.7375652397763,507.545413764077,570.9618881349079,548.1007535486939,519.2503305401195,511.3120149827525,497.7188350549292
234,2021-08-04 16:33:57+00:00,S2,470.74161360621434,424.38263229934296,441.6968117855151,499.105440684404,502.46114561128553,579.2641561676213,551.2996803501649,510.1727464219536,510.3501819595441,500.01916874648265
235,2021-09-03 16:33:52+00:00,S2,466.19539973446,,446.26832490601356,504.9547914504672,501.39415031853054,,,,505.4052713427195,496.09241327644946
236,2021-09-23 16:33:53+00:00,S2,,,,,,585.0075875715936,572.2875756854503,522.0928263849174,504.7781349846949,
237,2021-11-22 16:15:56+00:00,L9,477.75356040049087,442.8126023635948,458.70347156247385,536.5044854376641,518.7972979820734,597.098652093158,573.5497883605104,534.177764690935,506.4964521305127,512.0215600160474
238,2021-11-22 16:33:52+00:00,S2,484.2972106992535,457.600956239632,466.6197479923104,540.1687084537357,530.1337156972555,597.8896763085597,582.4032940127737,541.6796065062766,512.0283901419388,517.727118031699
239,2021-12-20 16:16:25+00:00,L9,479.1288727996809,438.32369149824456,459.2904823624831,534.4473228546146,527.5682757709008,584.9148728425484,568.0595113622612,538.4553176452699,516.0391337785028,525.138705836389
240,2021-12-28 16:16:24+00:00,L8,468.56658111934365,408.117231772314,443.1271335141439,,498.9954706991342,569.1246264721984,548.4697885888254,518.8491482629424,,
241,2022-01-11 16:33:51+00:00,S2,475.3494081271211,425.4645354371051,449.9213448573924,514.4859010237175,505.78744615433556,572.6723515290903,557.3455930983048,527.6050163906258,507.61658284849403,507.5485793683382
242,2022-02-05 16:33:55+00:00,S2,511.1194416095358,436.3964133202496,465.8023409068022,534.0715812373605,525.6889653114482,585.7193512512081,580.6685748988805,550.9809337950021,537.1582261863996,527.6327190585806
243,2022-02-06 16:16:24+00:00,L9,494.89639822249194,417.33221641818926,455.3869213581919,519.7019996357706,503.151970691914,573.4420420763694,569.7114137325669,530.1930387461559,511.41988906852515,512.7716295079266
244,2022-02-14 16:16:13+00:00,L8,494.72129538932353,424.67032358874474,455.74788614575334,517.3937119336866,505.2105334320822,574.174878173275,562.7748686027973,534.5925127719532,517.1103516892276,512.809860494844
245,2022-02-15 16:33:56+00:00,S2,509.06440144539664,436.6752326379894,471.05013922427236,532.6611959909675,521.7559981548013,585.9367616992444,575.8939030267184,546.9708834605439,535.7673761214058,525.050813860455
246,2022-02-22 16:16:15+00:00,L9,488.56855451292876,415.0468211494284,445.5214858860173,518.0237325999205,512.5816089169292,574.7831555634073,563.7072875062978,531.9609099595439,520.3235850450567,511.74970857038625
247,2022-02-25 16:33:55+00:00,S2,483.67131229046277,413.2937215461511,445.6304611928146,510.90107653936235,507.04032454550315,566.1223957838387,555.2008464910726,526.2719332289448,513.242368733718,507.8282853365845
248,2022-03-02 16:16:09+00:00,L8,496.58647439657346,429.71806670697504,456.39704089904353,527.6812233211249,526.129563329258,572.4021840442124,570.3868822101912,541.842283503627,533.9129233097292,521.9305333953369
249,2022-03-02 16:33:52+00:00,S2,,450.57040174893615,,,,583.094497274561,580.7089272411574,551.0216090920762,542.5680186521404,532.4244697892137
250,2022-03-10 16:16:10+00:00,L9,483.94005578216934,417.13490836960216,447.01713165184924,513.216751080888,502.438702115922,571.3835778835739,555.7721173866802,528.5630137223826,508.0698700883695,507.4070957921119
251,2022-03-17 16:33:59+00:00,S2,,,,516.8943087547057,514.2714062969409,574.0161151628763,565.396374029967,537.8508901068549,523.7918919217623,509.319475850647
252,2022-03-18 16:16:02+00:00,L8,500.89912751341296,429.1890090892508,458.48928685313626,527.5756832251291,524.2013241699701,575.8860482802197,572.3545995164088,541.677458785335,529.928309827102,515.4024310664147
253,2022-03-22 16:33:53+00:00,S2,516.141814140883,432.9115365404775,458.1672238287663,539.8260624032066,535.2860752207772,580.3982986107419,576.7712407169497,557.4860241591682,551.3305102115205,532.8724102673045
254,2022-04-01 16:33:52+00:00,S2,,432.72169455296773,465.4398814705194,,,,,,527.6593084404329,528.2730334591414
255,2022-04-06 16:33:56+00:00,S2,495.2703367992203,423.2360113149253,456.69778888384764,511.57300332999415,521.9674676792765,579.3300348915654,568.356275557335,542.5953832200419,515.3244224628055,516.8163604442076
256,2022-04-16 16:33:59+00:00,S2,503.6774418682762,421.628495786884,449.6860413295132,518.6329213067797,513.9607419849998,586.2598062844132,569.8856321146845,542.6881579531682,514.4007286456169,517.4800059991023
257,2022-04-19 16:15:58+00:00,L8,526.5788658703177,428.95274544611914,455.510617426969,533.1281151730622,527.6360256938867,595.9455222108622,579.6548103442113,552.7275029638962,526.5554775060757,528.5998573432882
258,2022-04-27 16:15:53+00:00,L9,489.46232142045926,413.54689038260426,444.0495425306324,508.2288240648,504.14744483971555,572.7118803806707,564.9912716449196,535.1700858063354,510.3593130246591,510.0167125647772
259,2022-05-05 16:15:59+00:00,L8,487.25632378574954,424.1607588221625,445.8358036613676,504.7847051031721,503.7456456863402,574.823531982111,563.3691633818551,534.5486343456786,508.67174347775637,511.8389963109116
260,2022-05-21 16:16:05+00:00,L8,480.2188604584116,415.6059248884606,443.23163673295204,513.5380112085824,497.7952745170308,570.4898329423118,548.0748568130966,516.1468505365275,507.7846162056164,500.6680677430442
261,2022-05-21 16:33:55+00:00,S2,490.9973199914456,423.93476709934896,451.5705050605013,518.3868484981463,506.05438114773256,577.8024545322814,563.6233371100001,525.5036915054307,515.210661317699,505.4551956339607
262,2022-10-18 16:33:55+00:00,S2,456.8214571758619,435.6849162967492,446.56165098480676,505.8068258087061,495.92900967694845,579.1235802098448,553.3515068326869,530.4411150605181,505.9077753374398,506.4606719639554
263,2022-11-07 16:33:54+00:00,S2,470.03059504778406,440.9795266816804,453.9596303104977,519.1861829039004,503.53274978640616,586.36402262556,567.1307036054567,540.4081252334503,515.0640782109182,514.9574130691298
264,2022-11-22 16:33:55+00:00,S2,,,,505.1372993445597,506.2983726101484,,,,524.2124635369833,506.11963565711557
265,2023-01-08 16:16:35+00:00,L9,491.1376179055643,436.7873632140394,448.4384681658971,534.8244464230271,524.6263395803974,575.7525040353241,572.134065783818,556.0943436819568,536.0137036551378,523.2717914937771
266,2023-01-11 16:33:53+00:00,S2,498.3951325864393,440.0538806458144,451.01463206361814,527.8259400547317,516.5231348874016,578.7381596629783,575.8192963160435,554.7132392317347,539.5932957967229,522.2519558069332
267,2023-01-21 16:33:51+00:00,S2,494.14578032906877,432.000756665876,446.12842013538847,527.0028614046638,512.3817499410467,577.4811247374566,574.7796052709577,552.3229396378233,533.950475575876,514.5134621681486
268,2023-01-26 16:33:53+00:00,S2,512.2162058524372,436.519933194509,451.71501082881485,542.6826469630108,527.8399540330489,582.1332025707691,,,,530.0435805244266
269,2023-02-05 16:33:53+00:00,S2,506.7321318562654,438.5748733361954,449.48640756082915,537.2994600689416,521.8090965386227,582.8673392784772,579.2738902842002,557.2301507901473,539.696880747572,522.9976539776036
270,2023-02-09 16:16:39+00:00,L9,494.836983530154,431.5464380550038,441.8990027422901,539.4555240362679,512.2474833807137,575.565180747654,575.8181355292149,554.84797615823,550.9636186160117,516.0924780499122
271,2023-02-10 16:33:54+00:00,S2,504.0189369682228,431.8353714055216,446.1092939582141,537.847763970807,516.1913028107156,579.9456982089052,574.679491375934,557.2228277046877,545.087091905482,519.4564641511765
272,2023-02-15 16:33:54+00:00,S2,486.55244708965625,,442.5430154032452,515.4548105076312,498.800813447442,576.1075197124496,,,521.1705461840882,505.1934702915999
273,2023-02-17 16:16:22+00:00,L8,485.89806280485885,425.50010153476063,442.5180811921716,517.9932308500848,499.17112834781534,573.3296389994537,559.9598378902456,537.682618053834,524.14450337954,505.3635918971843
274,2023-02-25 16:16:24+00:00,L9,489.93333169123395,417.65066633739895,443.5974136333186,527.6322653718283,501.7317661898298,571.5485185423568,565.5835930525182,538.7695464006043,523.8200529892256,508.1936152168651
275,2023-02-25 16:33:56+00:00,S2,498.5447028424806,422.53837928163614,450.4516506550131,526.2701035286087,514.7934608474498,576.2774185987464,569.0815778202793,548.5088501658769,532.455723705107,513.4005726342857
276,2023-03-02 16:33:52+00:00,S2,481.75475429296273,414.3062995765987,443.64892542999365,511.8387825489109,500.1320617608684,571.9610947281153,560.0745835177956,533.6102165076101,515.4486519323029,504.33642139480577
277,2023-03-12 16:33:52+00:00,S2,492.80287605250106,421.8005744798363,458.2039418327065,528.9175161895662,520.8437914789397,584.1226894741004,576.610742433311,551.3876611330223,537.3714891956149,512.907332590746
278,2023-03-13 16:16:17+00:00,L9,484.82151129830777,413.69869856980415,449.6987189753789,519.4219733653314,512.9521133026744,573.426907516588,571.991705771117,537.9746045158366,525.1166732247655,509.158244945618
279,2023-03-17 16:33:59+00:00,S2,477.92993614116676,412.9551108593593,446.8207040441427,513.1994442103978,504.5591130977965,570.3004497676599,562.4367834304232,535.947073238936,519.9713596979188,506.06016564465267
280,2023-03-21 16:16:01+00:00,L8,491.44166474731793,417.83136478700123,456.01829433580815,523.7569447673284,530.4219396556381,577.294752736393,576.5893611426186,551.3778233241643,526.7770323206453,525.7788413994003
281,2023-03-22 16:33:54+00:00,S2,500.88228589241197,426.1456791933558,460.80925356096117,534.8514638769556,544.8897379922403,586.7095267494597,581.9598775749932,557.1280234196082,535.139495596628,529.9247722554777
282,2023-04-01 16:33:54+00:00,S2,481.2416573311239,406.4162466880581,450.2720959417861,508.9568075705802,514.0290412430674,575.132219057334,566.5258000612919,536.7457938655697,513.0641230951788,505.8739904265016
283,2023-04-11 16:33:56+00:00,S2,483.79893882415996,414.04842875716224,463.61794202714464,521.0307053901137,525.7566698962803,574.8489128861224,571.5179258209562,543.869058137453,517.6841097185927,517.6031113379653
284,2023-04-14 16:15:59+00:00,L9,467.32770614042295,396.88968811802107,447.39197214420074,509.7262111745879,510.69572974511937,574.3736599658482,564.0783986958227,536.3110243122015,508.26831390279096,505.4101897026554
285,2023-04-26 16:33:57+00:00,S2,490.9046673737321,414.50305078073256,456.94836893078053,518.8457465335808,520.2402603484908,580.1813418825024,569.8348230649103,538.7719037738184,516.5293448669498,513.8588821773941
286,2023-04-30 16:15:52+00:00,L9,487.85021103801233,396.88890549224357,443.49331254038447,504.09708755734033,508.3044727683767,573.4378598859372,563.4278199307015,527.3323796181224,507.89585772129027,504.8147900462081
287,2023-05-01 16:33:56+00:00,S2,486.1223286222227,407.486274447681,448.49842320644484,506.9279400994152,509.32523997849637,574.3580951155064,566.2382445796387,530.5423019582911,510.700523672934,505.76412464814115
288,2023-05-24 16:15:27+00:00,L8,477.68019299353506,417.17732594390486,443.0873860589951,506.490469515656,497.48358276377553,574.640771688856,558.2636388856571,533.5762737567337,504.71923574955883,506.8685038635501
289,2023-06-25 16:15:40+00:00,L8,,404.0660124815274,,,,568.2318343121674,552.6856658176356,515.4459016300127,507.3367266192282,
290,2023-07-05 16:34:01+00:00,S2,467.3658021222449,430.0703488360142,445.310134335527,506.41032397347095,491.0380926400895,577.9746676737187,561.5184741161275,523.6212461950358,509.92686302842174,501.5747537590327
291,2023-09-08 16:34:01+00:00,S2,823.6436489564621,,,497.209290921984,804.622953722435,571.0210310179558,547.9396848788001,511.6198389900308,494.96111187945564,492.19899986502577
292,2023-09-18 16:33:58+00:00,S2,457.6662453091119,,446.3976498656656,508.2977176760915,511.5015005515214,,,392.9378456064624,503.46442967792893,499.1283095228529
293,2023-11-07 16:33:55+00:00,S2,451.7565332495765,404.0043050599353,435.40457517729465,356.26285269452904,486.9911306843884,,,,,
294,2023-11-12 16:33:56+00:00,S2,454.7788251737329,416.64358846279055,441.2473983733616,497.36129485326586,489.1373719624569,572.9009145274874,,511.3040101265156,500.36052820862415,491.24811444176913
295,2023-12-07 16:33:50+00:00,S2,929.1019702098018,,,997.4879833318514,391.24425372638615,571.9124359166981,554.5109985288926,518.9473524328497,418.68835724297855,
296,2023-12-17 16:33:52+00:00,S2,463.9292823218668,,447.07606895873414,515.9404689068473,496.93938595138115,580.2441142522373,557.5525726936436,526.3442287795041,508.09508832410415,514.2664373379557
297,2024-01-11 16:16:25+00:00,L9,,,,,,570.8070263113875,569.8457507188244,522.473313751236,,
298,2024-01-27 16:16:24+00:00,L9,495.88663465027525,428.5217585650332,454.1857452435354,521.3835563767792,524.2931366143318,577.4696515306214,582.4042604956953,545.7470849282047,520.5216413660114,522.5772053419328
299,2024-02-25 16:33:48+00:00,S2,497.54703116500735,433.746410228192,454.3297091307684,527.9593152187962,528.658924013653,594.4697157313715,587.4674521332413,575.0617188816897,531.6592760993815,528.2574148608297
300,2024-02-28 16:16:17+00:00,L9,497.28186530816913,427.73112126577513,448.85633191758734,532.5505746463954,529.3234856660628,594.4066302125211,,,,537.0801360058674
301,2024-03-01 16:33:53+00:00,S2,490.2264021765894,419.0656783388089,445.3215546520406,514.934432878004,515.6728668993993,586.5504000963272,576.002895313422,547.558020994285,519.2603254962596,519.455324957131
302,2024-03-06 16:33:56+00:00,S2,487.9723881564046,414.909225810197,441.37491183397174,507.98854508744705,511.8919542436123,578.1191976690229,571.352626501982,537.9169316601433,507.44827370669486,513.4214310990766
303,2024-03-15 16:16:18+00:00,L9,494.0835345783739,408.63816701871656,446.4737644873426,516.4770110500995,507.46192375148973,577.973742662205,571.4489895047578,535.574157855217,514.9920092781796,513.5368524236266
304,2024-03-23 16:15:50+00:00,L8,,,,516.9839947543188,394.5016400102059,582.4560524173156,570.5401779023844,538.2524362685901,524.5848343041836,521.5408034584656
305,2024-03-31 16:16:09+00:00,L9,487.37908834553906,411.23245226181666,440.26174830527566,514.0205608374187,504.06837006979873,576.2650465011806,569.0681940290007,533.1670157,513.6012600652158,509.1625697178683
306,2024-03-31 16:33:55+00:00,S2,490.0381665251548,411.4858457153689,442.6047393403606,515.7276433167551,506.9641911255491,581.0642995682705,567.8143091187316,532.2254277128253,519.446009178783,509.8716651234349
307,2024-04-05 16:33:53+00:00,S2,387.3836448642128,402.9501060017023,,505.50467116105875,499.26885617199605,575.0830576806877,565.4571282909113,528.9145864897223,415.2212712999093,
308,2024-04-08 16:15:44+00:00,L8,486.11080797095747,409.06447772494255,444.8174522250632,517.0965436387878,511.090500835069,583.3328663053157,572.8380790482498,537.1235261039125,516.4756245032801,511.1634059287876
309,2024-04-10 16:33:55+00:00,S2,507.81531245219804,427.4739375787158,456.2814021288972,537.4896736089985,525.9982795019591,602.2327986907651,582.5310383723637,547.8376306416943,538.928331060319,529.4551744782467
310,2024-04-15 16:33:58+00:00,S2,479.5912234520745,403.5299989301311,442.95257752937033,508.9449545794342,499.45927920630254,575.6744585632096,559.5810699050276,528.6425170768039,508.60859494859176,505.9041832385736
311,2024-04-16 16:16:00+00:00,L9,468.5688410935237,394.0116869064252,432.158716621306,508.2018276661253,496.4940875346391,568.1803691453024,555.3896865157284,520.2276949167676,507.67266226300416,502.2489693315879
312,2024-04-24 16:15:35+00:00,L8,485.171671027224,415.7644926622893,447.67913940817186,519.596979839674,521.4496592014306,578.1327920459776,571.0695239121461,539.9498773985733,515.9572300389566,513.4054905047934
313,2024-04-25 16:33:57+00:00,S2,496.2072676831014,425.2380503426518,455.38150426925176,529.6369770479527,525.6816467835305,586.6129510826509,578.4303414391243,544.8081836546042,527.3844937457145,533.3196171194345
314,2024-04-30 16:33:55+00:00,S2,485.2663205147215,414.3974380617006,448.9105556011859,513.8710647304151,519.788883863381,581.3290134729123,571.2893805958553,535.0196397694507,515.2039054575713,522.4723353636621
315,2024-05-02 16:15:44+00:00,L9,464.86576783235563,397.2729755040326,440.09180615405086,503.10226976906415,500.53389725663516,571.7092710418327,557.5425603961506,520.2474021759248,501.5470515372866,499.1352289794295
316,2024-05-10 16:15:24+00:00,L8,491.29519893322566,420.94667499467573,448.0545986517148,522.559593751956,524.1729413620576,579.9067976212643,575.3609562757534,542.2058729852064,512.9010225319344,519.13265877272
317,2024-05-10 16:33:56+00:00,S2,494.45353608078966,423.97647443392674,451.189933654396,525.5916699242172,524.6611790771955,586.2036917882447,573.6619169180774,551.7500485986275,517.8111481397233,519.7804086972048
318,2024-05-20 16:33:55+00:00,S2,469.76389347814666,406.16633730822764,439.1909099118922,503.97365931804677,495.1580524130837,572.8983604696807,555.3442653929953,525.4670067921566,506.99479304245534,504.4049557416868
319,2024-05-30 16:33:56+00:00,S2,474.30005760194445,410.76040361924765,439.14987463235735,505.90726918577445,503.58415451901783,573.0165329546755,558.2649693023877,527.2986935118379,508.9140411749309,504.1098202916492
320,2024-07-13 16:15:35+00:00,L8,,395.468978397309,,,,,786.080591354734,525.7124466739925,505.4822567612696,511.5811515624381
321,2024-08-03 16:33:58+00:00,S2,492.9757178073198,437.3746755797283,458.9407583915164,525.4508504983875,519.366520449322,588.3895458940683,570.216330302504,547.6424746077122,521.6098604361649,524.6998622338169
322,2024-08-08 16:33:59+00:00,S2,492.5821640631931,440.66814550981405,457.2314385406475,530.2692266023545,527.750888200569,590.5119920859754,576.892299584073,551.9961827074919,528.075649803674,522.2414251345696
323,2024-09-02 16:33:55+00:00,S2,478.52600930210264,427.723196422202,456.4146810934574,521.6913755517144,515.045395977975,584.6436895562318,564.5126929323768,543.6446908624447,517.2052974762872,516.2698517678566
324,2024-09-12 16:33:53+00:00,S2,,,,510.33365287681,506.4833798703809,,,,522.1363836560305,508.87012738058667
325,2024-10-02 16:33:57+00:00,S2,,,,525.612002609044,508.94627361987466,,,,,518.0707495251356
326,2024-10-09 16:16:02+00:00,L9,,,,,,580.3540185444397,562.1129136471213,,,
327,2024-10-17 16:33:56+00:00,S2,479.2980760727155,429.43244961641085,446.34198401977824,526.8542877907847,513.6150548757231,,,,527.9569906597222,523.2389644951278
328,2024-10-22 16:33:55+00:00,S2,477.0597633553453,424.90254907838505,445.690430617498,518.1316843261328,504.1170196650018,581.1574793593651,572.3258151922,544.9872804554692,522.5513944361469,514.7690287699932
329,2024-11-10 16:16:12+00:00,L9,481.908785123198,426.5054076513867,445.4949914403355,512.0252646017875,502.4016057219867,572.7595757487534,566.1077304383628,539.1953494144225,515.3936449777377,506.53273235038125
330,2024-11-11 16:33:54+00:00,S2,471.6081591521735,414.77910922812526,435.4352701538935,510.6838913261045,501.59208588162403,570.5314180543257,561.466720754147,533.9874051214591,512.8107332434317,502.56389691045223
331,2024-11-21 16:33:55+00:00,S2,487.3601579604929,429.5400857120805,446.6145232675227,519.5027410510318,515.9627007098236,579.0465748183817,575.714463081097,549.5113307157916,531.6990525372039,514.4538099938321
332,2024-12-20 16:16:11+00:00,L8,,,,,,576.4585995150179,576.645103616568,,,
333,2025-01-05 16:16:12+00:00,L8,494.9640193833566,427.0199695650207,445.01566603350363,522.345204416329,521.0816513524692,587.430222794244,579.3280362502556,549.3768670535457,529.0769295507099,520.6381775233874
334,2025-01-05 16:33:56+00:00,S2,500.89439301714117,429.53864171131613,447.17825045517554,529.9199521207628,530.1582992836262,589.9521154637471,583.5109511381107,557.1347819439287,535.6926123205552,526.3108566374173
335,2025-01-20 16:33:54+00:00,S2,499.19565565937864,423.7595055342285,446.3524004006071,521.5720907336928,526.5017979651657,591.3473621520092,579.4418571055487,556.4553325101726,531.6188608229457,522.0356514647737
336,2025-01-30 16:34:22+00:00,S2,987.8543764726785,456.80616754022003,470.79904690664006,555.2868287402628,553.9583927521055,624.8056975680142,599.6820550518105,582.02434506011,569.8807191605779,554.5261028021785
337,2025-02-06 16:16:12+00:00,L8,485.4998968804547,417.55745057906523,444.012935558649,508.4071891641881,504.40912413792995,575.80579761885,557.9844722165349,534.3808565383911,513.9772541821545,505.82265193418345
338,2025-03-02 16:16:12+00:00,L9,530.5957493583599,457.44536092091533,467.3157690451202,556.5004348645479,557.5736616177544,606.5916292758365,593.4040687947196,576.3773797237305,561.380257882076,554.3277122715588
339,2025-03-11 16:34:18+00:00,S2,502.5075610816206,420.15459039205194,446.68339468754647,517.4813857572954,517.4562601407274,581.0057880248578,568.4280182041223,541.2000546439559,524.6193896912844,518.4777446944242
340,2025-03-16 16:33:58+00:00,S2,510.9711333746272,430.28942872500585,451.9641061740964,534.4694903178787,541.5590229257836,588.8763958153118,578.8831253281924,551.556339917568,544.9872245194028,420.1925979169471
341,2025-03-31 16:34:18+00:00,S2,518.2123377208414,428.8253095585985,465.6151259497051,544.6031370048585,549.9588338585763,581.7179632954204,582.1720872150205,559.6960323424677,544.2302507652497,537.2071235357671
342,2025-04-05 16:33:56+00:00,S2,480.0136716220342,405.26783834759124,443.7806066336988,399.5198077925601,391.09402562491306,573.6046799233186,561.0731644140784,529.614471958892,218.9158954418742,393.33977997611225
343,2025-04-25 16:33:56+00:00,S2,477.28959225800884,408.92100385582535,443.56103213083003,504.0168089625157,500.0507428758379,569.7777262380239,555.5357217437756,516.4531096520496,506.1023894885563,498.00029689411
344,2025-05-05 16:33:57+00:00,S2,477.2097019719025,404.64241779564577,438.2781395867697,990.1781943534193,500.9675262439009,571.0634416933221,557.0546962491143,521.8137617484368,414.6652089520244,498.96819980591624
345,2025-05-10 16:34:14+00:00,S2,492.0734119781528,419.4487805800198,444.6312900042658,501.23917230849065,516.223957319407,573.8161834711536,561.0687762122632,524.579869877756,513.5519101582925,509.1554072316823
346,2025-05-13 16:15:32+00:00,L8,,,,,,559.9883243112548,,,,
347,2025-05-15 16:33:56+00:00,S2,493.6508865536189,425.324404452006,448.8507530236026,506.3846777056147,522.2833650418062,576.7565998974686,561.7210027958159,525.4803788760478,515.7208126928722,509.9490872747508
348,2025-05-21 16:15:39+00:00,L9,485.91834805921155,399.96464352419565,444.51860937189485,489.42466630071783,502.7079946033012,560.7081307184498,533.4464869109203,518.350875876617,501.18145200218703,486.9527894186069
349,2025-05-25 16:33:57+00:00,S2,478.4216610781134,398.7903069404609,422.2645877214872,489.59322071541413,500.3861089461777,,534.9431332729955,504.95240795085505,502.19815090778445,478.8163294511349
350,2025-06-09 16:34:16+00:00,S2,485.6455435610668,416.00954559104264,435.4648068428064,498.3331705180776,502.61926720239455,567.8637959737988,539.5067382016452,499.6265374343177,501.8081165332786,494.18101065490066
351,2025-06-11 16:34:11+00:00,S2,495.040646505106,427.9031172490351,445.66939794710066,507.268632685526,518.5724011610812,581.0352341218149,557.3977773456381,513.6178235887393,512.6012401390401,503.657513067309
352,2025-06-19 16:34:14+00:00,S2,473.089167428796,400.90630321826075,429.1119801370154,497.7685803988422,500.68437593562726,565.2697796845217,535.0937525672009,496.02759227762675,490.93777867852054,488.5614400543269
353,2025-07-04 16:33:59+00:00,S2,475.84164682578523,409.7321764637135,438.1535457189484,506.84212726021417,498.55407363689574,567.7474375825609,540.392752025656,503.61611054631084,494.0884813295007,488.6021714044009
354,2025-08-03 16:33:56+00:00,S2,479.73283260763066,410.0449758597009,441.5113032932246,506.52260734106187,507.2238507855527,569.2748025715113,545.2708895548612,514.2850774375651,495.0967856482011,499.24618452658217
355,2025-09-10 16:16:21+00:00,L9,470.65231576822293,442.9625025915745,452.2288637906279,516.2404015609798,512.8212830772558,580.98111908123,565.2594082124228,518.8316296737537,498.6457676120863,498.55865993755197
356,2025-09-22 16:33:55+00:00,S2,,,,498.8996533995724,490.9064677122619,578.1741693078782,564.3289154200071,516.6261239004286,497.16636336165595,495.22504945524014
357,2025-10-02 16:33:56+00:00,S2,469.0625462960797,428.4099079299167,444.2263871070976,506.870380801266,500.1780849999452,578.5563699175286,571.9338353516303,524.6711772591295,496.647572189741,502.7800389453454
358,2025-11-21 16:16:27+00:00,L8,465.0107988060495,434.6811431407607,451.45969392729785,514.1932068712829,509.4551837777716,592.6558002817145,568.6994701999196,519.6966056886755,513.0177069139854,512.6723890626049
359,2025-11-21 16:33:50+00:00,S2,388.4044037500204,,446.80935245773543,506.35105455001326,391.71649044008154,588.1651893657142,562.453109985121,521.3593504454846,421.9909425895166,422.86993125639265
360,2025-12-15 16:16:30+00:00,L9,465.406134610117,426.8258518147215,446.57450814386993,505.15527102275456,502.6948509008175,577.7529130745229,555.315191117006,515.9645729746567,506.35220137296113,509.2987864586449
361,2025-12-16 16:34:00+00:00,S2,469.52909217813504,424.3355660748216,445.57319796533756,504.1867811566471,506.59375606905024,576.1905604020479,558.6969767863976,519.3524852373927,510.9338194136029,510.0772176177561
362,2026-01-08 16:16:14+00:00,L8,487.067319456037,428.09165766112244,448.57349178405855,524.3249857638399,527.6356061231556,578.2524508673656,558.4565132154294,537.0793509793095,512.5482576308192,524.6135616833063
363,2026-01-10 16:33:53+00:00,S2,483.087942004098,423.7631065485167,451.26020894805146,513.8913011480802,513.0704452267022,576.8640839430725,559.1429298440664,529.1464231500521,510.5604503204132,512.489001627989
364,2026-01-15 16:33:56+00:00,S2,930.6313276709484,424.7705863290071,,516.957467426226,514.6626383611172,,,,413.3426739024666,420.95892769405947
365,2026-01-20 16:33:51+00:00,S2,504.9222371283438,439.794404844913,458.2324359355749,536.4019909915531,530.1176532471112,582.9680324241924,575.3932347015648,547.7772135905868,536.1497121313929,534.9294597518914
366,2026-01-30 16:33:50+00:00,S2,483.83039819474436,420.48490533775333,450.95757728794115,515.8793545470961,511.9079400295187,576.9285731646149,561.8589647824014,532.9761140339436,511.0365596121644,515.0169646341182
367,2026-02-01 16:16:23+00:00,L9,486.0848480140694,429.94788735583757,458.21717509871723,521.1640996576244,521.0428532741743,577.0978124311802,571.1275324454945,541.3920998640763,517.5557293538957,518.6157518966814
368,2026-02-14 16:33:57+00:00,S2,490.77859487173566,428.50752723442884,461.61342604436106,525.4207852887649,527.3901897388429,582.2016918409239,565.2619458088358,542.7842701313762,526.0473353870593,521.7013120985432
369,2026-02-17 16:16:18+00:00,L9,493.3930168260316,427.7219483189088,458.1646888206215,536.0203032523004,534.0884773295791,578.9318318647789,568.4003276116193,547.6761586473651,527.8242067345626,524.0562850393411
370,2026-02-19 16:33:52+00:00,S2,506.3858703857369,439.6407772779953,465.723495885377,547.2932681233126,553.6577848965434,584.7824405394571,576.4042950422622,570.8891612764795,548.6627746577125,542.5158747490334
371,2026-02-25 16:16:08+00:00,L8,475.8681349320998,400.85110598911797,443.62877543555567,513.2776702748987,512.2818543141074,572.9649959995515,552.4735831088667,523.6213536082535,506.6149266087454,511.492262417057
372,2026-03-01 16:33:54+00:00,S2,486.556490802648,414.9189726794708,455.7377471012562,519.4683666292179,521.4061534273612,578.4602038058127,560.329149988956,536.2361746513058,511.6147216861256,515.5011066622304
373,2026-03-05 16:16:15+00:00,L9,506.12593361318653,433.25760510323073,461.0130153625023,548.2964231109735,546.2225042490585,584.8234213471284,576.4726702658553,554.7664084385107,541.172253397911,530.9734997569572
374,2026-03-06 16:33:56+00:00,S2,511.91760874178465,426.60824801980334,466.0630060143716,534.3441266917679,539.0701023387592,585.5055767638278,573.4663341165226,556.5971755008914,537.197361079427,532.637080287512
375,2026-03-13 16:15:57+00:00,L8,466.8813517440733,396.4346874991838,432.9685125802198,498.97320229603474,498.98458914852824,558.7010095063897,541.9884637595912,508.8029550684046,501.6131132042873,498.62762753215384
376,2026-03-16 16:33:58+00:00,S2,489.7527577056146,409.9927799163812,443.7143017764694,504.9096010826961,500.89469932833777,571.4615572600212,548.6481120909385,511.14195556687537,504.4715990793385,500.5255591786032
377,2026-03-21 16:16:04+00:00,L9,507.2328437753199,431.11504132690254,453.8491767024127,531.433155893907,533.0033841734522,589.6792192300743,571.2220488269154,518.6402072872241,519.6062060602329,521.6997021933058
378,2026-03-21 16:33:52+00:00,S2,506.07075467323244,426.1056915185419,453.3940942094881,526.4353442216116,526.7257809058866,584.5756195098459,564.4685795427258,517.7952366859001,509.86599254015937,516.8016189475328
379,2026-03-28 16:34:16+00:00,S2,385.7201739556423,398.68230482246213,,494.42415933996926,494.5261276559919,560.1173608106114,535.2384280630256,514.2744135163376,497.85171833026135,492.9053942477347
380,2026-03-29 16:15:48+00:00,L8,464.5545365643583,395.4033568176695,442.3210178970999,500.01447591839815,494.0145949372137,562.3540772121801,542.9450525426037,509.38474527731233,503.6214581049378,493.78254191672323
381,2026-03-31 16:33:54+00:00,S2,479.88363468530196,421.63032874803,449.8968497405763,508.7245019630249,513.8662609619096,572.5450849942816,557.9474370535784,520.2471606455757,418.50767133846284,504.01149763465406
382,2026-04-05 16:33:54+00:00,S2,488.08351590928714,427.96831210231534,449.83832523569544,525.2878078046803,528.2973520688462,582.9402912720793,565.4919856044294,519.0820397601374,510.0790066730101,513.4622505752366
383,2026-04-10 16:33:54+00:00,S2,469.26405398446417,414.1381737293316,441.5411043584053,504.09905961738485,503.59839840627353,567.745536579615,551.5088165143388,515.3132018168309,502.0494918388628,498.4111994686623
384,2026-04-15 16:33:54+00:00,S2,,,,,,563.9002671820231,543.3262000907974,,,
385,2026-04-20 16:33:52+00:00,S2,481.74369858887536,427.0255825719156,449.67091305870656,515.0272405913294,520.0662837648381,579.4347133745421,559.7192153194022,519.4248720575089,502.2818869833465,498.72426300779176
386,2026-04-22 16:15:54+00:00,L9,464.4140164491434,413.248230779571,442.8138639882246,513.0110008002667,512.4722358408446,578.1185907540122,557.7534117874437,515.411896214257,503.6869748681501,492.95683450085676
387,2026-04-30 16:15:37+00:00,L8,456.67118551299444,401.35383231009274,442.81671016980624,502.8702116767437,499.40508953023686,,,,,
388,2026-05-05 16:33:56+00:00,S2,470.04645855550444,421.109450209191,447.7222312408243,515.4248080016822,506.6013740760426,580.027573196367,559.4946422144071,523.5534323563916,502.33077394933576,505.05004385351333
389,2026-05-07 16:34:08+00:00,S2,464.54619709567675,410.88529354322895,443.40254351547645,507.23053416578824,505.4438039260206,575.203287258216,551.7905019936804,516.7757399987588,500.52767336394953,495.29552167588287
390,2026-05-10 16:33:52+00:00,S2,459.8922126371409,400.2061759003703,436.057551378424,497.066110193245,493.2551737286287,564.8184130253237,539.1850004360559,511.3882752906291,494.63146987453564,490.1415814590071
391,2026-06-01 16:15:13+00:00,L8,486.1578829987433,416.87240082974574,446.8478536800587,511.21778248869555,502.4353988259017,574.4931165297139,562.9742558783356,515.7906916945263,502.37357936847445,503.93383705029805
392,2026-06-16 16:34:11+00:00,S2,476.09614201356476,425.7610521807912,448.8059038525897,500.785258957365,502.15134617428384,580.2428869751639,552.5651081974769,518.8478652275102,908.8998579437217,498.9398235714666
393,2026-06-17 16:15:21+00:00,L8,464.437051614275,419.8987033542308,445.2619222367441,496.2507806339305,500.8412266516779,576.5137681974968,553.9794125442382,512.6199149472695,500.2276412129118,498.47910687487894
394,2026-07-27 16:15:54+00:00,L9,471.684192536906,412.92572412082944,442.85151986171536,503.6720925137512,499.49687370947254,573.517605692068,544.4338589230281,513.7266731810518,505.22938861002393,493.0520818431148
395,2026-08-05 16:34:13+00:00,S2,461.65911483758094,406.34631576065715,441.89045385068414,496.365844899152,490.115718750367,556.7551837462424,,,496.0719659960381,494.5664983416052
