dates,satname,MNDWI_threshold,cloud_cover,geoaccuracy
1985-03-28 15:46:31+00:00,L5,-0.15737399354111403,0.0,3.848
1985-04-13 15:46:27+00:00,L5,-0.1862726955441758,0.0,5.408
1990-01-05 15:38:52+00:00,L5,-0.36805098300101236,0.0,4.012
1991-02-09 15:36:48+00:00,L5,-0.21829024903126992,0.059931506849315065,8.513
1991-04-30 15:38:20+00:00,L5,-0.3350757898588199,0.1404109589041096,4.196
1993-03-18 15:38:19+00:00,L5,-0.22252812288934365,0.0,4.257
1993-04-19 15:38:31+00:00,L5,-0.22032820942695253,0.0,3.83
1993-05-05 15:38:35+00:00,L5,-0.2654343440372031,0.0,3.869
1995-08-31 15:18:48+00:00,L5,-0.2575902914395556,0.0,4.147
1996-02-07 15:21:03+00:00,L5,-0.30787483556196094,0.0,4.362
1996-02-23 15:22:08+00:00,L5,-0.31591144402045757,0.0,4.061
1996-04-11 15:25:13+00:00,L5,-0.23238750008749776,0.0,4.239
1996-11-21 15:37:13+00:00,L5,-0.2906946295988746,0.0,4.29
1997-01-24 15:40:15+00:00,L5,-0.23233647336019203,0.0,4.196
1997-07-03 15:46:12+00:00,L5,-0.37347985635278746,0.0,5.474
1997-08-20 15:47:48+00:00,L5,-0.3574215728440322,0.0,3.97
1997-09-05 15:48:16+00:00,L5,-0.309861328889383,0.0,4.011
1997-09-21 15:48:43+00:00,L5,-0.24844901583855972,0.0,3.809
1997-11-08 15:50:01+00:00,L5,-0.2545335899631027,0.0,4.459
1998-04-01 15:52:56+00:00,L5,-0.24661326652858406,0.0,3.604
1998-06-20 15:54:04+00:00,L5,-0.4090759388054721,0.0,3.987
1998-08-07 15:54:32+00:00,L5,-0.14028722658986226,0.192351598173516,3.645
1998-10-26 15:55:00+00:00,L5,-0.24839499572408386,0.0,4.128
1999-03-03 15:55:19+00:00,L5,-0.2916638233582489,0.0,4.732
1999-03-19 15:55:06+00:00,L5,-0.296117844467517,0.0,4.636
1999-11-14 15:51:51+00:00,L5,-0.25598514251760207,0.0,3.855
1999-11-30 15:51:19+00:00,L5,-0.22077856690157205,0.08789954337899543,4.066
1999-12-16 15:51:16+00:00,L5,-0.2962255582388025,0.0,3.825
2000-02-18 15:49:54+00:00,L5,-0.24428441462805495,0.0,4.44
2000-05-16 16:08:15+00:00,L7,-0.23036985711065916,0.10858400586940573,4.618
2000-10-23 16:06:23+00:00,L7,-0.21089243912384226,0.0,3.557
2000-12-18 15:55:41+00:00,L5,-0.28440479055279866,0.0,3.851
2001-01-11 16:06:37+00:00,L7,-0.2863975081960401,0.0,4.195
2001-02-04 15:56:09+00:00,L5,-0.292547196499072,0.0,3.767
2001-02-20 15:56:12+00:00,L5,-0.22483443946111947,0.0,4.209
2001-05-11 15:56:19+00:00,L5,-0.24309946046560071,0.0,4.794
2001-07-14 15:56:32+00:00,L5,-0.2955352369172033,0.0,3.721
2001-10-26 16:04:26+00:00,L7,-0.1962190669630045,0.0,3.448
2002-02-15 16:05:01+00:00,L7,-0.22635271248755062,0.0,4.312
2002-03-19 16:04:53+00:00,L7,-0.19085734132938637,0.0,4.363
2002-04-20 16:04:54+00:00,L7,-0.20631841882555335,0.0,4.458
2003-02-18 16:04:49+00:00,L7,-0.2434431688258185,0.0,4.184
2003-03-22 16:04:48+00:00,L7,-0.2416585315899693,0.0,3.976
2004-01-20 16:05:08+00:00,L7,-0.22129111700023574,0.03991195891415994,3.858
2004-03-24 16:05:25+00:00,L7,-0.18204403996678178,0.0,3.852
2004-12-05 16:05:17+00:00,L7,-0.16511007053032872,0.30755685986793835,4.195
2005-02-23 16:05:48+00:00,L7,-0.2245973042226512,0.0,4.024
2005-04-12 16:05:43+00:00,L7,-0.2720034475091553,0.0,3.734
2005-04-28 16:05:43+00:00,L7,-0.2587889245983661,0.0,4.227
2006-01-09 16:05:58+00:00,L7,-0.1714171501501002,0.0,4.116
2006-04-15 16:06:09+00:00,L7,-0.2194923336830784,0.0,3.794
2006-05-17 16:06:12+00:00,L7,-0.20954686177312337,0.015847395451210566,3.577
2007-10-03 16:09:04+00:00,L5,-0.20775228046113625,0.0,3.278
2007-10-27 16:06:04+00:00,L7,-0.26053385919089744,0.15319148936170213,3.782
2007-12-14 16:06:26+00:00,L7,-0.26514402301884094,0.2661775495231108,3.591
2008-04-04 16:06:17+00:00,L7,-0.2668334964653001,0.0,3.809
2008-04-20 16:06:15+00:00,L7,-0.2536095907901423,0.0,4.532
2008-05-06 16:06:11+00:00,L7,-0.21244323095492512,0.0,4.829
2008-12-16 16:05:38+00:00,L7,-0.2527982335048413,0.0,3.875
2009-01-01 16:05:45+00:00,L7,-0.24422504726559643,0.0,4.032
2009-02-02 16:05:55+00:00,L7,-0.22170841097278002,0.0,3.662
2009-02-18 16:06:05+00:00,L7,-0.31895231805502633,0.0,4.07
2009-03-22 16:06:21+00:00,L7,-0.1699559274151097,0.0,3.562
2009-04-07 16:06:27+00:00,L7,-0.22014310267790782,0.0,3.349
2010-04-10 16:08:21+00:00,L7,-0.17059268873089375,0.07630227439471754,3.751
2010-05-28 16:08:16+00:00,L7,-0.2566041980043435,0.0,3.67
2011-01-07 16:09:22+00:00,L7,-0.26290243647572276,0.0,3.908
2011-03-12 16:09:42+00:00,L7,-0.27183776113884645,0.0,7.679
2012-01-10 16:10:10+00:00,L7,-0.2541889984778687,0.0,4.429
2012-01-26 16:10:08+00:00,L7,-0.2272352290407234,0.0,4.138
2012-02-27 16:10:16+00:00,L7,-0.23211961687345525,0.027292736610418197,3.66
2012-03-14 16:10:15+00:00,L7,-0.19872978544353107,0.0,4.23
2013-01-28 16:12:21+00:00,L7,-0.2396766004718687,0.0,4.195
2013-03-17 16:12:15+00:00,L7,-0.1530181624146929,0.0,3.768
2013-05-04 16:12:02+00:00,L7,-0.23428124052918262,0.0,3.499
2013-05-20 16:12:00+00:00,L7,-0.19284181805849954,0.2805575935436537,3.649
2013-09-17 16:18:06+00:00,L8,-0.23690447765276731,0.018195157740278797,4.011
2013-10-19 16:17:58+00:00,L8,-0.23288643096968614,0.0,5.621
2014-02-08 16:17:05+00:00,L8,-0.22503879093472876,0.0,6.816
2014-02-24 16:16:52+00:00,L8,-0.26075206047282473,0.0,5.05
2014-03-12 16:16:40+00:00,L8,-0.22344452931074996,0.0,5.719
2014-03-28 16:16:22+00:00,L8,-0.20153164825748981,0.0,4.853
2014-05-15 16:15:41+00:00,L8,-0.38548786664383883,0.32736610418195156,6.647
2014-06-16 16:15:51+00:00,L8,-0.2844965147624574,0.0,5.623
2015-01-26 16:16:05+00:00,L8,-0.30525642312426376,0.0,4.977
2015-02-11 16:15:59+00:00,L8,-0.2713023995761418,0.0,5.38
2015-02-27 16:15:55+00:00,L8,-0.24603526995487907,0.0,3.454
2015-03-15 16:15:44+00:00,L8,-0.27732191883787116,0.0,5.07
2015-04-16 16:15:31+00:00,L8,-0.26252442752993954,0.0,5.196
2015-05-02 16:15:20+00:00,L8,-0.3460993105784538,0.0,5.326
2015-07-05 16:15:35+00:00,L8,-0.2805347311436459,0.08041085840058694,6.463
2015-09-07 16:16:00+00:00,L8,-0.277421922988974,0.0,3.719
2016-01-13 16:16:13+00:00,L8,-0.23604258364084058,0.015260454878943506,5.694
2016-03-17 16:15:57+00:00,L8,-0.3004289087510619,0.0,3.397
2016-03-28 16:30:19+00:00,S2,-0.19896266434483806,0.0,PASSED
2016-04-02 16:15:47+00:00,L8,-0.19285318199581342,0.0,5.814
2016-04-18 16:15:42+00:00,L8,-0.2294670821715722,0.0,3.685
2016-08-08 16:16:10+00:00,L8,-0.3196678145108077,0.0,5.562
2016-10-27 16:16:29+00:00,L8,-0.19894073642020604,0.0,2.864
2016-11-03 16:33:05+00:00,S2,-0.1613635103662677,0.0,PASSED
2016-11-13 16:33:06+00:00,S2,-0.2055556783854741,0.005797655453618757,PASSED
2017-01-15 16:16:18+00:00,L8,-0.29589738957608525,0.0,6.076
2017-01-31 16:16:11+00:00,L8,-0.2402668893779979,0.0,7.328
2017-02-01 16:33:01+00:00,S2,-0.22058244981649383,0.0,PASSED
2017-02-16 16:16:04+00:00,L8,-0.29093205193451566,0.0,5.913
2017-02-21 16:33:49+00:00,S2,-0.29537090251099274,0.0,PASSED
2017-03-03 16:33:00+00:00,S2,-0.4428881818052031,0.0,PASSED
2017-03-04 16:15:58+00:00,L8,-0.23207510712287435,0.0,4.797
2017-03-23 16:33:01+00:00,S2,-0.26475769468608057,0.0,PASSED
2017-04-05 16:15:41+00:00,L8,-0.32086963775855815,0.0,5.301
2017-04-12 16:33:54+00:00,S2,-0.1789105796210489,0.0,PASSED
2017-04-21 16:15:31+00:00,L8,-0.32708397928049937,0.0,5.569
2017-06-01 16:33:54+00:00,S2,-0.3500931538098579,0.0,PASSED
2017-06-08 16:15:48+00:00,L8,-0.22541484781454052,0.2711665443873808,6.574
2017-06-11 16:33:08+00:00,S2,-0.2865629355279171,0.0,PASSED
2017-07-01 16:33:06+00:00,S2,-0.362404917401905,0.0,PASSED
2017-08-25 16:33:31+00:00,S2,-0.24234638926015323,0.110282874617737,PASSED
2017-11-18 16:33:04+00:00,S2,-0.252814777220951,0.010703363914373088,PASSED
2017-11-23 16:33:43+00:00,S2,-0.24837895871339008,0.0,PASSED
2017-12-01 16:16:17+00:00,L8,-0.17985116808389928,0.10887747615553925,5.979
2017-12-28 16:33:01+00:00,S2,-0.3341489478549129,0.0,PASSED
2018-01-12 16:33:47+00:00,S2,-0.42739099047085616,0.0,PASSED
2018-01-17 16:33:48+00:00,S2,-0.43145528340840844,0.0,PASSED
2018-01-18 16:16:10+00:00,L8,-0.2686122082401343,0.0,6.33
2018-01-22 16:33:48+00:00,S2,-0.2693812362279464,0.10792558613659531,PASSED
2018-02-06 16:33:03+00:00,S2,-0.30095871641061,0.0,PASSED
2018-02-11 16:33:00+00:00,S2,-0.26290473354594024,0.0,PASSED
2018-02-21 16:33:47+00:00,S2,-0.24708269324558735,0.0022935779816513763,PASSED
2018-03-03 16:32:58+00:00,S2,-0.20092029458621113,0.0,PASSED
2018-03-08 16:33:03+00:00,S2,-0.17632065411770642,0.0,PASSED
2018-03-13 16:32:59+00:00,S2,-0.2982640085114309,0.0,PASSED
2018-03-18 16:33:04+00:00,S2,-0.22102980245321607,0.0,PASSED
2018-03-23 16:33:02+00:00,S2,-0.22593208813083,0.0,PASSED
2018-03-28 16:33:06+00:00,S2,-0.20629776493313823,0.0,PASSED
2018-04-02 16:33:52+00:00,S2,-0.2724612917843343,0.0,PASSED
2018-04-07 16:33:08+00:00,S2,-0.2414067244092911,0.0,PASSED
2018-04-08 16:15:31+00:00,L8,-0.19226398786757595,0.0,5.086
2018-04-12 16:33:05+00:00,S2,-0.2629813661191154,0.029689092762487258,PASSED
2018-04-17 16:33:56+00:00,S2,-0.30290775323581726,0.0,PASSED
2018-04-22 16:33:06+00:00,S2,-0.273825994728274,0.0,PASSED
2018-04-27 16:33:09+00:00,S2,-0.2770081236083322,0.0,PASSED
2018-05-02 16:33:38+00:00,S2,-0.30841457469031197,0.0,PASSED
2018-05-10 16:15:12+00:00,L8,-0.3056687589861231,0.0,6.179
2018-05-12 16:33:06+00:00,S2,-0.30952759828234155,0.0,PASSED
2018-05-17 16:33:10+00:00,S2,-0.1535978612817644,0.30746687054026506,PASSED
2018-05-27 16:33:57+00:00,S2,-0.3600581403326308,0.0,PASSED
2018-06-01 16:33:04+00:00,S2,-0.3463633983835599,0.0,PASSED
2018-07-13 16:15:18+00:00,L8,-0.2558759293108144,0.0,5.581
2018-10-04 16:33:04+00:00,S2,-0.18095245277927993,0.011276758409785932,PASSED
2018-10-29 16:33:05+00:00,S2,-0.18036796366732358,0.0,PASSED
2018-12-08 16:33:50+00:00,S2,-0.259875153414199,0.0,PASSED
2019-01-12 16:33:51+00:00,S2,-0.3039604997974019,0.0,PASSED
2019-01-22 16:33:52+00:00,S2,-0.3201110526660136,0.0111493374108053,PASSED
2019-02-06 16:15:54+00:00,L8,-0.1870350729093239,0.0,6.071
2019-02-06 16:33:56+00:00,S2,-0.1937537127368236,0.0,PASSED
2019-02-11 16:33:52+00:00,S2,-0.20614319360556718,0.0,PASSED
2019-02-16 16:33:55+00:00,S2,-0.3412015232668957,0.0,PASSED
2019-02-21 16:33:51+00:00,S2,-0.3096830454961008,0.0,PASSED
2019-02-22 16:15:51+00:00,L8,-0.21009574001326695,0.0,6.841
2019-03-03 16:33:50+00:00,S2,-0.22596497241439367,0.00382262996941896,PASSED
2019-03-08 16:33:53+00:00,S2,-0.14967629897348042,0.020960754332313966,PASSED
2019-03-13 16:33:51+00:00,S2,-0.1773226852761292,0.008728338430173293,PASSED
2019-03-26 16:15:42+00:00,L8,-0.20892481557308842,0.0,4.916
2019-03-28 16:33:57+00:00,S2,-0.20622766793635827,0.0,PASSED
2019-04-02 16:33:56+00:00,S2,-0.26399710397433396,0.0,PASSED
2019-04-07 16:33:59+00:00,S2,-0.3203013948383792,0.0,PASSED
2019-04-12 16:33:57+00:00,S2,-0.2721095422293495,0.0,PASSED
2019-04-17 16:34:01+00:00,S2,-0.31086566687399986,0.004204892966360856,PASSED
2019-04-22 16:33:59+00:00,S2,-0.27955228206147326,0.0,PASSED
2019-04-27 16:15:32+00:00,L8,-0.20844337932598078,0.0,6.485
2019-04-27 16:34:03+00:00,S2,-0.1777415466307864,0.19004841997961264,PASSED
2019-05-02 16:33:59+00:00,S2,-0.28372647530359474,0.0,PASSED
2019-05-12 16:33:59+00:00,S2,-0.319888319488456,0.0,PASSED
2019-05-17 16:34:04+00:00,S2,-0.32170121082609193,0.0,PASSED
2019-06-11 16:33:58+00:00,S2,-0.33019176377315185,0.11365953109072376,PASSED
2019-06-26 16:34:04+00:00,S2,-0.35983583864499336,0.0,PASSED
2019-08-17 16:16:17+00:00,L8,-0.2469020695579351,0.0,5.505
2019-10-20 16:16:32+00:00,L8,-0.16010293224365965,0.0,4.466
2019-11-23 16:33:52+00:00,S2,-0.20110754261912256,0.0040137614678899085,PASSED
2019-12-13 16:33:50+00:00,S2,-0.2706940848683903,0.0,PASSED
2020-02-01 16:33:48+00:00,S2,-0.29553687797574457,0.0,PASSED
2020-02-11 16:33:50+00:00,S2,-0.26411657797428123,0.05536442405708461,PASSED
2020-02-16 16:33:49+00:00,S2,-0.263627024400175,0.02949796126401631,PASSED
2020-02-25 16:16:07+00:00,L8,-0.19495281692584537,0.0,6.151
2020-02-26 16:33:51+00:00,S2,-0.2534748614949282,0.0,PASSED
2020-03-02 16:33:53+00:00,S2,-0.2573145554709196,0.0,PASSED
2020-03-07 16:33:51+00:00,S2,-0.3822018121384424,0.0,PASSED
2020-03-12 16:16:01+00:00,L8,-0.23835065668230715,0.0,6.158
2020-03-12 16:33:53+00:00,S2,-0.32479527699410937,0.0,PASSED
2020-03-17 16:33:52+00:00,S2,-0.2916416261440713,0.0,PASSED
2020-03-22 16:33:53+00:00,S2,-0.22429109161409053,0.0,PASSED
2020-03-27 16:33:52+00:00,S2,-0.4025320247729172,0.0,PASSED
2020-03-28 16:15:52+00:00,L8,-0.24590277048989378,0.0,5.185
2020-04-01 16:33:53+00:00,S2,-0.28532988769037215,0.0,PASSED
2020-04-06 16:33:53+00:00,S2,-0.26739683438976736,0.0,PASSED
2020-04-21 16:33:50+00:00,S2,-0.255909775729231,0.0,PASSED
2020-05-16 16:34:01+00:00,S2,-0.3354795411728425,0.0,PASSED
2020-05-26 16:34:01+00:00,S2,-0.3336985524127453,0.0,PASSED
2020-05-31 16:15:38+00:00,L8,-0.33525602857216386,0.040498899486427,5.745
2020-05-31 16:33:57+00:00,S2,-0.3191606828084363,0.0,PASSED
2020-06-05 16:34:02+00:00,S2,-0.3515593036080772,0.0,PASSED
2020-06-15 16:34:02+00:00,S2,-0.42146126181971716,0.0,PASSED
2020-06-25 16:34:01+00:00,S2,-0.34539969440956747,0.0,PASSED
2020-08-24 16:34:01+00:00,S2,-0.29570755900470663,0.0,PASSED
2020-09-03 16:34:00+00:00,S2,-0.2503868201106195,0.0,PASSED
2020-09-04 16:16:19+00:00,L8,-0.2611292940203471,0.0,5.747
2020-09-23 16:34:01+00:00,S2,-0.18124373367809107,0.17539500509683995,PASSED
2020-10-06 16:16:28+00:00,L8,-0.2004444707078865,0.0,4.525
2020-10-13 16:34:01+00:00,S2,-0.16533433231997605,0.0,PASSED
2020-11-07 16:16:26+00:00,L8,-0.17852856149808197,0.0,4.643
2020-11-07 16:33:57+00:00,S2,-0.2148433296594313,0.01293323139653415,PASSED
2020-11-17 16:33:56+00:00,S2,-0.24907955865713233,0.0,PASSED
2020-11-22 16:33:57+00:00,S2,-0.237633499335268,0.0,PASSED
2020-12-02 16:33:55+00:00,S2,-0.26647905552531104,0.058741080530071356,PASSED
2020-12-27 16:33:53+00:00,S2,-0.3208478971626837,0.08537206931702344,PASSED
2021-01-01 16:33:56+00:00,S2,-0.3068750304196186,0.0,PASSED
2021-01-06 16:33:54+00:00,S2,-0.2851820610246173,0.0,PASSED
2021-01-10 16:16:21+00:00,L8,-0.18027899445263557,0.0,6.04
2021-01-11 16:33:56+00:00,S2,-0.28131475094614206,0.0,PASSED
2021-01-26 16:16:17+00:00,L8,-0.1967385110138886,0.30931768158473955,8.526
2021-01-26 16:33:55+00:00,S2,-0.19684042889963602,0.23642966360856268,PASSED
2021-01-31 16:33:55+00:00,S2,-0.25993004522376056,0.0,PASSED
2021-02-15 16:33:53+00:00,S2,-0.3219616296109727,0.005988786952089704,PASSED
2021-02-25 16:33:54+00:00,S2,-0.2848786202737255,0.0,PASSED
2021-03-15 16:15:59+00:00,L8,-0.2576377518727756,0.0,6.812
2021-03-17 16:33:55+00:00,S2,-0.27371250879633957,0.0,PASSED
2021-03-27 16:33:54+00:00,S2,-0.3563040043086657,0.0,PASSED
2021-03-31 16:15:55+00:00,L8,-0.24051500740892146,0.0,5.15
2021-04-01 16:33:53+00:00,S2,-0.316745891147293,0.0,PASSED
2021-04-06 16:33:53+00:00,S2,-0.28724640572383675,0.0,PASSED
2021-04-16 16:15:49+00:00,L8,-0.23615174911149442,0.0,6.777
2021-05-01 16:33:53+00:00,S2,-0.28977506245792983,0.0,PASSED
2021-05-02 16:15:40+00:00,L8,-0.2931900816274359,0.0,6.034
2021-08-04 16:33:57+00:00,S2,-0.2929693355044905,0.0,PASSED
2021-09-03 16:33:52+00:00,S2,-0.27983558169248923,0.012232415902140673,PASSED
2021-09-23 16:33:53+00:00,S2,-0.22232708731509104,0.3483690112130479,PASSED
2021-11-22 16:15:56+00:00,L9,-0.29918428261715746,0.0,5.384
2021-11-22 16:33:52+00:00,S2,-0.31191993617131736,0.0,PASSED
2021-12-20 16:16:25+00:00,L9,-0.2947188157726604,0.0,5.659
2021-12-28 16:16:24+00:00,L8,-0.24172133407855909,0.022890682318415262,4.225
2022-01-11 16:33:51+00:00,S2,-0.31762245452098903,0.0,PASSED
2022-02-05 16:33:55+00:00,S2,-0.31041199989456325,0.0,PASSED
2022-02-06 16:16:24+00:00,L9,-0.22475801725074165,0.0,6.035
2022-02-14 16:16:13+00:00,L8,-0.19669482272035346,0.0,6.164
2022-02-15 16:33:56+00:00,S2,-0.3291329742076834,0.0,PASSED
2022-02-22 16:16:15+00:00,L9,-0.24281980393410746,0.0,6.306
2022-02-25 16:33:55+00:00,S2,-0.28729404894215316,0.0,PASSED
2022-03-02 16:16:09+00:00,L8,-0.21539135303182289,0.0,6.185
2022-03-02 16:33:52+00:00,S2,-0.35807816236203094,0.007454128440366973,PASSED
2022-03-10 16:16:10+00:00,L9,-0.29384648877394703,0.0,5.509
2022-03-17 16:33:59+00:00,S2,-0.2956272513497564,0.03363914373088685,PASSED
2022-03-18 16:16:02+00:00,L8,-0.28872953780837907,0.0,6.452
2022-03-22 16:33:53+00:00,S2,-0.2995706856811422,0.0,PASSED
2022-04-01 16:33:52+00:00,S2,-0.30691718635363174,0.202217125382263,PASSED
2022-04-06 16:33:56+00:00,S2,-0.2877946556248154,0.0,PASSED
2022-04-16 16:33:59+00:00,S2,-0.2609210489155051,0.0,PASSED
2022-04-19 16:15:58+00:00,L8,-0.2582108157406538,0.0,7.242
2022-04-27 16:15:53+00:00,L9,-0.24299888519485824,0.0,6.425
2022-05-05 16:15:59+00:00,L8,-0.2635459645578726,0.0,5.724
2022-05-21 16:16:05+00:00,L8,-0.27377216983293806,0.0,6.191
2022-05-21 16:33:55+00:00,S2,-0.32212044626782704,0.0,PASSED
2022-10-18 16:33:55+00:00,S2,-0.19075113237324615,0.0,PASSED
2022-11-07 16:33:54+00:00,S2,-0.2768024541145784,0.0,PASSED
2022-11-22 16:33:55+00:00,S2,-0.24027409325341137,0.191131498470948,PASSED
2023-01-08 16:16:35+00:00,L9,-0.2501503188027481,0.0,6.607
2023-01-11 16:33:53+00:00,S2,-0.3474000959513885,0.0,PASSED
2023-01-21 16:33:51+00:00,S2,-0.3008841286461317,0.0,PASSED
2023-01-26 16:33:53+00:00,S2,-0.3399809907020076,0.00382262996941896,PASSED
2023-02-05 16:33:53+00:00,S2,-0.265124782526141,0.0,PASSED
2023-02-09 16:16:39+00:00,L9,-0.25021865468595733,0.0,6.317
2023-02-10 16:33:54+00:00,S2,-0.27485271961717667,0.0,PASSED
2023-02-15 16:33:54+00:00,S2,-0.34672341417910457,0.06148063200815494,PASSED
2023-02-17 16:16:22+00:00,L8,-0.29520008722473545,0.0,5.497
2023-02-25 16:16:24+00:00,L9,-0.21276493003554017,0.0,4.484
2023-02-25 16:33:56+00:00,S2,-0.2249701692369746,0.0,PASSED
2023-03-02 16:33:52+00:00,S2,-0.2521790999006325,0.0,PASSED
2023-03-12 16:33:52+00:00,S2,-0.3021402734760439,0.0,PASSED
2023-03-13 16:16:17+00:00,L9,-0.22513416008903364,0.0,5.236
2023-03-17 16:33:59+00:00,S2,-0.2779608941823442,0.0,PASSED
2023-03-21 16:16:01+00:00,L8,-0.2084202011365716,0.0,6.395
2023-03-22 16:33:54+00:00,S2,-0.23643146873443255,0.0,PASSED
2023-04-01 16:33:54+00:00,S2,-0.2533525134392048,0.0,PASSED
2023-04-11 16:33:56+00:00,S2,-0.2752579369629064,0.0,PASSED
2023-04-14 16:15:59+00:00,L9,-0.2847629604842788,0.0,6.838
2023-04-26 16:33:57+00:00,S2,-0.2456137767382946,0.0,PASSED
2023-04-30 16:15:52+00:00,L9,-0.26019807729871974,0.0,5.413
2023-05-01 16:33:56+00:00,S2,-0.33295899656359446,0.0,PASSED
2023-05-24 16:15:27+00:00,L8,-0.2659570413703812,0.0,6.067
2023-06-25 16:15:40+00:00,L8,-0.2958281474719411,0.09449743213499633,7.254
2023-07-05 16:34:01+00:00,S2,-0.3835507455644138,0.0022935779816513763,PASSED
2023-09-08 16:34:01+00:00,S2,-0.22813715875134077,0.03599643221202854,PASSED
2023-09-18 16:33:58+00:00,S2,-0.21326884744993443,0.06294597349643222,PASSED
2023-11-07 16:33:55+00:00,S2,-0.21351861912461978,0.2420998980632008,PASSED
2023-11-12 16:33:56+00:00,S2,-0.20979246599356577,0.03867227319062182,PASSED
2023-12-07 16:33:50+00:00,S2,-0.2943283976412804,0.09773190621814475,PASSED
2023-12-17 16:33:52+00:00,S2,-0.21847639933215462,0.011404179408766564,PASSED
2024-01-11 16:16:25+00:00,L9,-0.10155984298193313,0.126485693323551,6.7
2024-01-27 16:16:24+00:00,L9,-0.27341479324458523,0.0,5.871
2024-02-25 16:33:48+00:00,S2,-0.20819956399076492,0.0,PASSED
2024-02-28 16:16:17+00:00,L9,-0.22261757380150798,0.01702127659574468,5.554
2024-03-01 16:33:53+00:00,S2,-0.21977418173237862,0.0,PASSED
2024-03-06 16:33:56+00:00,S2,-0.24195823258295293,0.0,PASSED
2024-03-15 16:16:18+00:00,L9,-0.24208396880176494,0.0,5.647
2024-03-23 16:15:50+00:00,L8,-0.22035285689066114,0.031107850330154074,6.84
2024-03-31 16:16:09+00:00,L9,-0.1736123923925936,0.0,5.347
2024-03-31 16:33:55+00:00,S2,-0.15766228947252545,0.0,PASSED
2024-04-05 16:33:53+00:00,S2,-0.23891063277578817,0.012487257900101937,PASSED
2024-04-08 16:15:44+00:00,L8,-0.25896775720771215,0.0,5.311
2024-04-10 16:33:55+00:00,S2,-0.2901974768862237,0.0,PASSED
2024-04-15 16:33:58+00:00,S2,-0.23216503485062095,0.005160550458715597,PASSED
2024-04-16 16:16:00+00:00,L9,-0.18463805712351283,0.0,5.819
2024-04-24 16:15:35+00:00,L8,-0.2526167248769403,0.0,6.856
2024-04-25 16:33:57+00:00,S2,-0.3445594782747742,0.0,PASSED
2024-04-30 16:33:55+00:00,S2,-0.35486135655898876,0.0,PASSED
2024-05-02 16:15:44+00:00,L9,-0.27944446546180424,0.0,6.071
2024-05-10 16:15:24+00:00,L8,-0.25093939999930276,0.0,6.395
2024-05-10 16:33:56+00:00,S2,-0.2789782897844517,0.0,PASSED
2024-05-20 16:33:55+00:00,S2,-0.32702636718750006,0.0,PASSED
2024-05-30 16:33:56+00:00,S2,-0.29914860084236905,0.0,PASSED
2024-07-13 16:15:35+00:00,L8,-0.27986882206197206,0.029347028613352897,6.372
2024-08-03 16:33:58+00:00,S2,-0.3950034165701562,0.0,PASSED
2024-08-08 16:33:59+00:00,S2,-0.3292471199311819,0.0,PASSED
2024-09-02 16:33:55+00:00,S2,-0.21224107020918603,0.018093781855249746,PASSED
2024-09-12 16:33:53+00:00,S2,-0.28092483177909394,0.1581294597349643,PASSED
2024-10-02 16:33:57+00:00,S2,-0.24167429129991852,0.12047655453618757,PASSED
2024-10-09 16:16:02+00:00,L9,-0.3169570590487733,0.30814380044020545,6.393
2024-10-17 16:33:56+00:00,S2,-0.23111629903983594,0.19552752293577982,PASSED
2024-10-22 16:33:55+00:00,S2,-0.22849225789040034,0.03720693170234455,PASSED
2024-11-10 16:16:12+00:00,L9,-0.2866231038391481,0.0,5.276
2024-11-11 16:33:54+00:00,S2,-0.23648712934603036,0.0,PASSED
2024-11-21 16:33:55+00:00,S2,-0.2671211606160915,0.0,PASSED
2024-12-20 16:16:11+00:00,L8,-0.31528055939240696,0.14570799706529713,6.235
2025-01-05 16:16:12+00:00,L8,-0.2977767530616998,0.0,6.582
2025-01-05 16:33:56+00:00,S2,-0.32828705071886244,0.0,PASSED
2025-01-20 16:33:54+00:00,S2,-0.3008013241113031,0.0,PASSED
2025-01-30 16:34:22+00:00,S2,-0.3798016572545578,0.0,PASSED
2025-02-06 16:16:12+00:00,L8,-0.28108619153545067,0.0,5.462
2025-03-02 16:16:12+00:00,L9,-0.32182593438493673,0.0,6.96
2025-03-11 16:34:18+00:00,S2,-0.22842295715364597,0.0,PASSED
2025-03-16 16:33:58+00:00,S2,-0.27464639769898075,0.0034403669724770644,PASSED
2025-03-31 16:34:18+00:00,S2,-0.2700644644219969,0.0,PASSED
2025-04-05 16:33:56+00:00,S2,-0.2385770836965183,0.052242609582059125,PASSED
2025-04-25 16:33:56+00:00,S2,-0.3158801832952213,0.0,PASSED
2025-05-05 16:33:57+00:00,S2,-0.3164710052658362,0.014908256880733946,PASSED
2025-05-10 16:34:14+00:00,S2,-0.3199632032554014,0.0,PASSED
2025-05-13 16:15:32+00:00,L8,-0.16690484225933,0.3192956713132795,6.264
2025-05-15 16:33:56+00:00,S2,-0.2848720280642381,0.0,PASSED
2025-05-21 16:15:39+00:00,L9,-0.3495216365018011,0.0,6.554
2025-05-25 16:33:57+00:00,S2,-0.29619547600110496,0.01210499490316004,PASSED
2025-06-09 16:34:16+00:00,S2,-0.26096308972642634,0.0,PASSED
2025-06-11 16:34:11+00:00,S2,-0.3168095184090102,0.0,PASSED
2025-06-19 16:34:14+00:00,S2,-0.3147432920594237,0.0,PASSED
2025-07-04 16:33:59+00:00,S2,-0.30345040938630824,0.0,PASSED
2025-08-03 16:33:56+00:00,S2,-0.27138475710704446,0.010257390417940876,PASSED
2025-09-10 16:16:21+00:00,L9,-0.19940357260267194,0.0,4.879
2025-09-22 16:33:55+00:00,S2,-0.14943962689135482,0.040647298674821614,PASSED
2025-10-02 16:33:56+00:00,S2,-0.3721087512121556,0.0,PASSED
2025-11-21 16:16:27+00:00,L8,-0.2507621413586488,0.0,5.573
2025-11-21 16:33:50+00:00,S2,-0.15887061057262772,0.16386340468909277,PASSED
2025-12-15 16:16:30+00:00,L9,-0.2954714078575105,0.0,5.176
2025-12-16 16:34:00+00:00,S2,-0.27645613767751065,0.0,PASSED
2026-01-08 16:16:14+00:00,L8,-0.31134587918062445,0.0,6.371
2026-01-10 16:33:53+00:00,S2,-0.32957770462375846,0.0,PASSED
2026-01-15 16:33:56+00:00,S2,-0.2659635196337756,0.2329892966360856,PASSED
2026-01-20 16:33:51+00:00,S2,-0.2635854006403646,0.0,PASSED
2026-01-30 16:33:50+00:00,S2,-0.37197243681180847,0.0,PASSED
2026-02-01 16:16:23+00:00,L9,-0.30990014184871784,0.0,5.669
2026-02-14 16:33:57+00:00,S2,-0.40352958889069546,0.0,PASSED
2026-02-17 16:16:18+00:00,L9,-0.23427965769395842,0.0,5.685
2026-02-19 16:33:52+00:00,S2,-0.30436220213501447,0.0,PASSED
2026-02-25 16:16:08+00:00,L8,-0.2770447071436905,0.0,5.423
2026-03-01 16:33:54+00:00,S2,-0.25919050442664604,0.0,PASSED
2026-03-05 16:16:15+00:00,L9,-0.2506688929730307,0.0,5.703
2026-03-06 16:33:56+00:00,S2,-0.2828976265730402,0.0,PASSED
2026-03-13 16:15:57+00:00,L8,-0.2163871571940525,0.0,5.358
2026-03-16 16:33:58+00:00,S2,-0.24309567966181395,0.0,PASSED
2026-03-21 16:16:04+00:00,L9,-0.30043355244951664,0.0,6.196
2026-03-21 16:33:52+00:00,S2,-0.2229757206322277,0.0,PASSED
2026-03-28 16:34:16+00:00,S2,-0.2690107156199967,0.015927624872579,PASSED
2026-03-29 16:15:48+00:00,L8,-0.2497433568807996,0.0,5.898
2026-03-31 16:33:54+00:00,S2,-0.3086124111350007,0.0030581039755351682,PASSED
2026-04-05 16:33:54+00:00,S2,-0.2802000183990037,0.0,PASSED
2026-04-10 16:33:54+00:00,S2,-0.27386356572873055,0.0,PASSED
2026-04-15 16:33:54+00:00,S2,-0.43024516520979006,0.2461136595310907,PASSED
2026-04-20 16:33:52+00:00,S2,-0.3152246797992202,0.0,PASSED
2026-04-22 16:15:54+00:00,L9,-0.29805606425806996,0.0,7.388
2026-04-30 16:15:37+00:00,L8,-0.24184820165069532,0.16903888481291268,6.1
2026-05-05 16:33:56+00:00,S2,-0.29014950415775204,0.0,PASSED
2026-05-07 16:34:08+00:00,S2,-0.3005982021238106,0.0,PASSED
2026-05-10 16:33:52+00:00,S2,-0.3153975680030377,0.0,PASSED
2026-06-01 16:15:13+00:00,L8,-0.31506037999824993,0.0,6.945
2026-06-16 16:34:11+00:00,S2,-0.348017612923562,0.0,PASSED
2026-06-17 16:15:21+00:00,L8,-0.28888684049816854,0.0,6.218
2026-07-27 16:15:54+00:00,L9,-0.33556093236700035,0.0,5.79
2026-08-05 16:34:13+00:00,S2,-0.27093096451733706,0.033448012232415905,PASSED
