dates,B6,C2,C1,B4,B5,A1,A2,B1,B2,B3
1985-03-28 15:46:31+00:00,492.6922626978726,412.4705348050164,445.7054293503959,526.0438377119671,511.8133750021003,578.2471526822603,570.4614715069561,543.242861189107,521.7876585534016,512.8100403609417
1985-04-13 15:46:27+00:00,485.8586225818723,,438.4993194667573,523.6555985779404,515.2635305084874,577.3625398986483,564.2859493844826,532.8144392786421,523.4317309850146,514.8177776722036
1990-01-05 15:38:52+00:00,489.7347543086832,439.0174354580218,449.32870692200254,524.0932985047662,530.2257729386056,585.2266763740665,575.8192418592154,534.2414566949769,520.0496382193811,515.5837618045385
1991-02-09 15:36:48+00:00,,,,510.4860556618764,,,567.9202251826773,544.068870851711,527.640314136535,509.2210051979444
1991-04-30 15:38:20+00:00,,,,,,,,,519.8523127183646,513.1725635553184
1993-03-18 15:38:19+00:00,492.5114236980732,428.8363130691487,445.6992027868191,517.1102937337391,523.5203968259844,578.4013929064715,577.3600350222362,537.3557020967863,524.5411324850652,515.7195738953136
1993-04-19 15:38:31+00:00,479.44410714050656,405.0616327280607,436.3348135053191,511.5185982518354,512.1782560202768,569.7003805874556,558.5377702043152,519.9660008249905,507.639231101354,501.873778276374
1993-05-05 15:38:35+00:00,473.5363400473228,406.63168813696814,440.7941937395683,511.6246127124165,508.6103883866981,567.5464866635223,555.597289431633,520.2684021209637,509.5039187763419,507.8491412506966
1995-08-31 15:18:48+00:00,447.3093953115229,414.0107294068328,432.4034526487183,503.80964020772126,490.7485078458746,565.9533758371273,544.3844201673336,527.8304054104582,497.6332468253662,497.6916619799127
1996-02-07 15:21:03+00:00,482.6935633157552,406.9357570114258,432.69718875410456,514.5556163100543,500.932233417122,567.9314640143299,550.5769428539486,534.9861673219455,531.581149152767,508.7531013298922
1996-02-23 15:22:08+00:00,490.4623690068864,414.9538989146668,436.39660218705217,512.9478869854265,507.30995273993705,567.0171544694222,559.9448110252192,531.0409173204068,516.912346787285,510.6759809175934
1996-04-11 15:25:13+00:00,495.14572749259287,426.0875197246048,450.33390402040845,528.691870101757,525.3680576071741,575.6864663577098,566.7579043161122,541.3953162178301,526.8301472558653,523.9373425369708
1996-11-21 15:37:13+00:00,482.80014635800615,435.3792514693988,446.1885498655437,517.734729025033,517.6505145096046,583.2201635638439,562.899920323702,540.2086099498288,516.9649182426983,516.3136064182447
1997-01-24 15:40:15+00:00,470.41405633094223,402.3712229682506,439.5732472398967,498.4656516294585,489.32280079772704,546.8786443339669,532.27912393378,502.2715836311255,498.7206069063142,504.84974048824415
1997-07-03 15:46:12+00:00,474.5418543611983,403.3780990115486,452.0131548925734,497.4385394653246,502.1674616568917,565.3686059977612,543.0715896847558,520.654658891861,509.94823034198527,501.2603181213611
1997-08-20 15:47:48+00:00,458.634991324875,402.4725587168165,439.8295281336259,493.8241253684243,477.65733075229264,561.8240739436101,532.6339423267681,499.80165634768326,487.598347188436,481.5999625109587
1997-09-05 15:48:16+00:00,444.74392999883713,374.7863860214308,417.36895678629537,494.6232460751284,480.0634297606426,552.2180539966822,529.901395059226,504.28148956116337,487.90836095948106,486.6437553334852
1997-09-21 15:48:43+00:00,445.5428861410686,392.81398651305983,428.5384128035479,492.49503745564,480.47571373375246,549.4504590782965,527.8482591443098,518.1258852530996,498.0076497471523,487.33937241244536
1997-11-08 15:50:01+00:00,462.2121549331437,417.9678733553384,443.7385017732459,504.3916141963133,507.6298359331764,553.170066817262,552.1281275804477,541.859191469344,513.4435229948269,503.5876765689176
1998-04-01 15:52:56+00:00,480.6320692212972,383.142426799241,427.4959039291875,499.74931862307335,498.5147902251522,563.933512301358,547.199918436089,522.3712536563756,521.6410320637644,507.67921690702696
1998-06-20 15:54:04+00:00,511.224092694924,452.9084230564848,466.8484928856606,538.5849351612344,,573.4520462335838,562.5159838725663,556.6737640330106,526.1225487763409,533.9119578148872
1998-08-07 15:54:32+00:00,,,,509.5757364475875,,546.5426417569696,534.017423681382,507.9624843738383,499.32666959876747,491.1766890560115
1998-10-26 15:55:00+00:00,468.164765061478,414.51972097704464,428.3753660901512,502.4490389301966,493.2618285945487,560.057459540863,539.2399261602625,509.21894002576136,501.89890177450377,486.21596389131327
1999-03-03 15:55:19+00:00,487.9105556640537,404.4387959244109,444.44290127647366,503.88989258469536,502.5343115440751,544.312553428297,530.1305008027405,499.6598231589993,512.2317621887746,496.0413271472476
1999-03-19 15:55:06+00:00,494.9159797852101,411.4304079543972,446.5396318115216,526.4586840526555,515.2009082400226,546.8342946923904,525.4218500177038,507.7411265425688,513.8950892548926,505.8947302501317
1999-11-14 15:51:51+00:00,471.04510310166455,421.3231674919498,443.979703385153,507.583381435221,514.1075939046766,562.8737851025187,539.2759751317976,507.8052227793426,507.4226523798289,496.3079990857267
1999-11-30 15:51:19+00:00,478.34044588914975,432.1957544173029,450.3236064517758,532.848105716483,526.4362128417066,,,,525.1986602420349,512.8839434121381
1999-12-16 15:51:16+00:00,490.41849782093567,437.752337391011,464.0552792606084,522.6823579527972,526.9325326355082,577.6647531078426,554.794670992705,532.7671647022067,527.1630786160067,515.2692142008534
2000-02-18 15:49:54+00:00,494.5561555262637,410.9827271530889,455.3771851120196,511.9184336650849,514.5556276481866,549.6146601033327,537.5407536552152,524.0092654133931,519.4939469088027,507.46703586902345
2000-05-16 16:08:15+00:00,507.5396642465729,425.8565579842239,448.7910435095853,512.6573362816648,519.750106881362,,,516.2823103382643,508.1463415832688,509.6206504191648
2000-10-23 16:06:23+00:00,483.9651872053843,417.6027587879177,442.192870587724,528.8017171990247,520.8453417653874,573.2767215553713,555.0426433615285,546.2358747915974,521.6630670060773,521.1517535318281
2000-12-18 15:55:41+00:00,497.8486251880776,439.5921478442575,457.1348389729769,534.9222423909617,533.3989682909315,574.4535453312649,561.942055671041,555.4751523309045,535.2824592144779,523.2190678457581
2001-01-11 16:06:37+00:00,477.546209036807,424.6578991535604,449.9299247942891,527.9582401412563,508.6464403093655,580.5640864814865,564.6355209619148,541.1254935149867,530.4325194958632,525.7997070148592
2001-02-04 15:56:09+00:00,510.1292462628605,436.6886625772828,474.2037253657024,533.985520543087,545.6968377632254,578.5130023721777,575.0754054241531,555.1557732390086,539.0158620839932,530.5855025375158
2001-02-20 15:56:12+00:00,493.5799255193887,420.48210806410674,461.643052387724,520.274655564264,518.9753760793812,575.4165645381923,561.9720493605156,534.0648783879894,527.3874678587799,516.8840320467593
2001-05-11 15:56:19+00:00,468.0933589333091,404.5352712382333,435.7029931707388,499.2846151940645,495.8045706509911,546.0932265371116,537.8679665861966,514.6313658576237,496.8649092647965,494.0089672963442
2001-07-14 15:56:32+00:00,491.64170256761554,435.887561989201,447.0021296162334,526.3601685107925,529.2660272399776,573.562262937094,554.1349433849597,545.0471078440913,517.872103228751,523.0703527513592
2001-10-26 16:04:26+00:00,488.8165594329073,440.8711689552599,446.8788734229754,527.8776316928947,516.0153507573328,580.9511760563998,558.514130583065,544.8620743930089,529.7825879433856,516.2316570048755
2002-02-15 16:05:01+00:00,462.9438018700152,396.3660529380937,443.0948675606908,511.3899763888561,492.8099973741687,569.3801092190283,560.6370907589916,530.0703451337707,513.8065507973042,494.6796429326028
2002-03-19 16:04:53+00:00,486.1113676097742,413.7650142036235,438.529650254801,510.5153700120571,506.41056169852334,572.815116239784,566.6738648970729,539.4717502249866,517.6499263305946,510.2641294394666
2002-04-20 16:04:54+00:00,490.4766403085877,435.3352557636457,452.0325338661213,520.8118407452065,515.9435102308167,568.967290215788,562.1015889548803,544.0440130764417,531.8810017162448,521.9777017852028
2003-02-18 16:04:49+00:00,478.6238179522751,401.0014550139212,436.9293159155701,497.2991831322436,476.611227782005,572.4863279912171,570.5004069338629,527.0243862197839,521.5363309941027,504.88159397515415
2003-03-22 16:04:48+00:00,485.1384344830485,407.8127877316029,435.18382206859457,509.6660418144268,489.3096540035435,574.3513159549457,562.6906554379261,534.2022645149,526.0660713025211,495.80326628035584
2004-01-20 16:05:08+00:00,476.5592436371754,417.8913535085413,444.1258406041621,503.7516056364565,501.9799909672148,563.7305459665697,,,,512.5319389468935
2004-03-24 16:05:25+00:00,480.62119213360745,400.73840362249535,433.4380213021497,501.0580456910737,498.95772860384096,570.6180716319676,553.6064868417086,518.4173765777418,508.2579702920589,491.21493216504393
2004-12-05 16:05:17+00:00,,,,,,570.3257196733623,,,,
2005-02-23 16:05:48+00:00,471.4889650493428,426.6575196277759,451.4640418200676,511.2330809383074,495.61642251770365,586.7276717605225,573.0533677747213,525.9795859257007,517.0032230957545,507.8998815347002
2005-04-12 16:05:43+00:00,476.1562414793377,404.63629602748426,436.5806894342142,498.33909793263774,493.6106695368205,577.7852866632613,548.9760880475299,514.3244321717775,499.0460259735849,498.535196267587
2005-04-28 16:05:43+00:00,479.3681348686448,414.4056116920477,434.5781958152888,494.3252229976888,489.9685758530999,562.774836810394,556.3612362865038,517.1295719520504,499.0922491670746,500.6208645987466
2006-01-09 16:05:58+00:00,467.7639822647048,427.491781146494,448.569104632236,521.936005540252,513.9050636711239,569.3215552779118,562.7638265336249,545.9830294356387,519.6078867929737,516.9011010505566
2006-04-15 16:06:09+00:00,466.6040562433016,387.77620142524034,427.0918013265512,508.99608212863535,502.2340154648497,556.019266896598,545.1468834242994,514.5216304814332,502.4532076499376,487.233425036108
2006-05-17 16:06:12+00:00,,405.2030175790631,432.9710618298212,,,556.783477518853,540.8053169225756,507.1947154913855,499.6138235288744,499.0671529128683
2007-10-03 16:09:04+00:00,436.1529116680352,422.5293251459756,436.87504464338025,496.66806119147736,492.2343346692565,567.0303815544621,547.4121473181178,527.4745244159823,511.0543404075984,500.1359097711367
2007-10-27 16:06:04+00:00,,414.065922017678,434.69228114711,,,,,,497.28965851816287,487.6140158786772
2007-12-14 16:06:26+00:00,440.0892291186265,414.2065969670865,440.2502506997564,497.2942990347851,479.8930293156918,,,,,
2008-04-04 16:06:17+00:00,489.2263335255339,427.9917895696784,440.83744677871607,513.0672740820958,503.6392032962317,566.0213957084995,549.8025886311374,518.6368776795321,519.36709253287,505.2707453956029
2008-04-20 16:06:15+00:00,477.60035413411134,411.1378730569922,433.0759232489118,498.1528042594174,493.1784435360123,559.6718128716809,535.9414369325061,503.9811355382527,500.1637356430866,493.0034152570104
2008-05-06 16:06:11+00:00,475.02788216116704,402.0370567433968,427.1840403142983,485.1567508593465,492.2699913779992,555.6318476935925,533.0279985057623,495.63065415430174,490.6845549580661,492.5195798851257
2008-12-16 16:05:38+00:00,477.4501405383513,408.18982055023423,437.76878939312496,497.7090421765061,505.8637640416393,552.288575566269,538.664104897762,528.9010801615367,524.5405319835392,511.169975909161
2009-01-01 16:05:45+00:00,480.7845128863697,416.7155252183406,441.2980815412975,508.8707864691001,506.7372397453591,557.3852971623464,547.8101583987357,536.4004483299126,523.9863587137597,505.1117619708031
2009-02-02 16:05:55+00:00,497.8108591783609,424.8452223073331,442.48757793444975,523.9775943668876,513.8797244120339,566.1756428308166,562.929988672543,544.6166275081359,532.1559618617512,525.2694284125645
2009-02-18 16:06:05+00:00,498.8986244128108,441.117324155173,463.5900263832365,533.5518460550429,534.8374733663625,580.2827150104431,585.9490678457973,553.8719869490056,540.455407965449,530.1443842305684
2009-03-22 16:06:21+00:00,509.55908434895696,423.00241474397535,443.5158290471812,523.3674120181319,515.3408267459824,573.0975687645005,561.1327608415595,537.5645782847796,530.5022978390913,518.4937817475408
2009-04-07 16:06:27+00:00,498.4027709579248,426.2549150293093,446.7188431253746,517.3220474180706,517.3292550288501,569.4090506894663,559.0583765072142,528.0179662346304,514.7379905613341,509.10605352525016
2010-04-10 16:08:21+00:00,466.7634418067343,423.3434076966852,426.7463061913308,509.8541950789259,510.4247077801485,,,,518.3758517173785,508.7680591359909
2010-05-28 16:08:16+00:00,476.20885066966144,409.0778907440565,433.28667658521886,492.8652712895741,486.44526635162606,560.1330561428656,545.7611386162197,502.42501121971407,493.1684473668251,495.2845496931044
2011-01-07 16:09:22+00:00,461.5621344880792,399.0581145722534,436.9051926282309,491.48331328248014,477.3221020645724,547.3938708908959,541.6068809357299,500.1629960636985,495.91430729497847,488.94796807932426
2011-03-12 16:09:42+00:00,490.88382945792665,413.63696385858,443.87645462641126,509.3080605080528,513.9391877433833,568.2348998279632,550.179862238974,529.0294440696263,514.0308517810114,509.3116336926009
2012-01-10 16:10:10+00:00,472.9705406475204,413.8332547901097,442.1500742419598,501.26412377065327,512.0449191929204,560.2368240240028,533.5533480834456,502.80258450382,501.1947384879376,513.7209889230359
2012-01-26 16:10:08+00:00,480.3623129275656,404.7591911702008,439.5102507059531,505.9851650966508,510.21228146179664,559.9599882343712,531.4029833330661,503.7226506445408,510.175152346734,516.1276394674409
2012-02-27 16:10:16+00:00,482.2583834340932,409.00078825410935,446.96141094226346,502.2847237877679,512.3343836695813,565.0346445687645,541.4123473142853,510.829183833816,501.8725598029657,504.0651881109061
2012-03-14 16:10:15+00:00,488.9605463654098,414.5164308945564,461.9603536549871,511.9828536865916,514.9249717824065,564.8157485263027,555.786164268711,517.8103532682907,510.5100643676418,511.24140923628886
2013-01-28 16:12:21+00:00,459.5701423620844,408.08195750204777,448.8320026226443,504.34658163247553,480.0005853049964,560.9270658900178,560.6517715579934,524.6642295249701,523.3051497370913,508.9871430286095
2013-03-17 16:12:15+00:00,469.53097003201947,405.81614599138,442.3890380397396,505.1496649492159,503.1964096365076,553.0941044905846,545.7548069441686,518.4678893837662,507.0053471668858,509.64778522040814
2013-05-04 16:12:02+00:00,483.9819727077751,426.2060985850651,450.83252518461626,526.5385904196273,522.3776884685087,574.8188601318609,559.4022217545083,533.8547421731771,523.5495863662695,517.6078314101208
2013-05-20 16:12:00+00:00,475.9179637361971,421.3410676619461,435.750026391265,513.4098850147257,513.7244746722412,,,,,
2013-09-17 16:18:06+00:00,460.6836093574904,421.5426250384656,445.1581259255775,517.6576143821053,495.1683945636605,584.9949885388748,558.6089574212413,532.8648002497034,513.0611668463791,511.5620883858092
2013-10-19 16:17:58+00:00,443.488707187492,409.1617832461376,443.3577213985344,490.488238538528,472.2731368648133,566.4657251781251,545.3411264023069,509.2283284791778,485.5780747410829,481.5432145334023
2014-02-08 16:17:05+00:00,490.553850946567,427.0198481144943,453.0260340484626,531.40467625217,519.2342513023516,588.4147672810957,587.9649687222975,552.638531013027,532.4945179091578,523.3036346264946
2014-02-24 16:16:52+00:00,499.7916715221439,433.84474608422784,458.9801135237731,534.1961677631475,525.3886726159282,593.4042858942653,590.3391664711789,561.9231700464057,536.8156459647064,524.7730147494904
2014-03-12 16:16:40+00:00,492.72498543718,,452.2758760754616,524.4267871699682,514.1762327768291,583.6761336372098,584.8010620618306,555.2679634632614,529.021214880862,516.8643835041614
2014-03-28 16:16:22+00:00,497.3657478321246,424.7812435204812,453.8569601113607,523.4343092407187,515.4567329763217,590.0156622304764,586.6832564896399,555.6021388184743,528.0614678460873,524.2790482245057
2014-05-15 16:15:41+00:00,,,,494.6671466812335,,,,,,494.1076000728305
2014-06-16 16:15:51+00:00,453.6358028373385,400.99272029685824,429.4288040974636,484.484469202196,479.9338455530875,557.1721694563792,545.3310928457223,506.2276821667503,485.401962352714,479.7841564510194
2015-01-26 16:16:05+00:00,471.51476851706417,415.0166030931077,449.2155815092022,511.1686892795844,495.33202614918514,572.1203359398285,564.3361401890544,531.4691642308957,512.9369999370833,510.49664401844194
2015-02-11 16:15:59+00:00,475.9100683744336,416.4601557743798,447.44174185820975,512.5005517233246,497.3305518894807,573.1817840240462,573.0974202648915,533.8298591237349,508.695751849935,511.54651621657234
2015-02-27 16:15:55+00:00,486.6290154977629,414.60244805495296,450.9240062567593,525.3333535895306,518.3592210405409,586.7605904620905,578.2010691843335,545.4502404398104,520.7258714069467,522.4270982750163
2015-03-15 16:15:44+00:00,482.5325088307155,417.0745423975348,454.34846238051335,527.212602261282,516.0178064240761,583.7188619729534,570.1875564008355,540.6398539322519,524.8442034177576,519.4526734490609
2015-04-16 16:15:31+00:00,484.6321399656301,413.8706342398405,441.116644951954,518.8703817782211,516.8385973369375,572.9661602064128,554.9329230005512,525.6455268983964,516.9342626352137,511.4443807283304
2015-05-02 16:15:20+00:00,448.1463176082272,395.53202268191353,440.2934979712657,496.1626877564174,469.74687377596206,557.0236127241863,537.4036584523361,505.4423914030156,491.8645207298589,489.3673027283352
2015-07-05 16:15:35+00:00,,396.6051215250205,429.191044573552,,,559.720936749676,,,,
2015-09-07 16:16:00+00:00,464.6491151182207,417.9695405338969,433.37953484665707,507.6774208750276,493.4509127400274,584.5368481453451,564.1471095096465,523.4803168009026,497.9155314443374,504.7787240695813
2016-01-13 16:16:13+00:00,425.30861729489067,385.1127098523247,425.4312816005295,,,549.5758482796844,542.5820995607291,502.8643837250973,527.0471855450941,494.86272978849263
2016-03-17 16:15:57+00:00,485.7377575965338,417.6472426456551,451.2158278334904,525.2446635492778,510.3943248689474,582.7041679614407,578.4606800677931,546.4168737446697,524.923814301361,514.1454206877874
2016-03-28 16:30:19+00:00,465.09618671690777,392.1543708971187,424.9653855298578,492.1565484795688,476.01705792956926,555.0889737860264,543.7369639722382,508.9527569515004,495.8430411096033,492.2022521886229
2016-04-02 16:15:47+00:00,485.1235509163996,413.1203677595935,440.90634349613634,519.916575574098,507.2312052226821,578.5151606356876,570.2730850847272,536.8291502065349,520.0454956049985,514.1131201301068
2016-04-18 16:15:42+00:00,493.9806872328121,413.6921597500002,446.66122771669694,518.0459570489501,514.0219981864041,579.0760682754893,570.8798771834016,530.5846832463731,519.5989584398183,517.2833346907455
2016-08-08 16:16:10+00:00,484.31623317223466,418.36354021169393,438.9438701794563,508.1512800271479,514.8024436347748,568.249644140411,545.4697760090475,498.6785284301161,492.9614887364449,503.6378706620644
2016-10-27 16:16:29+00:00,485.32378138464514,431.4431717459921,448.0559194053003,502.3421232455799,512.2378363408942,577.9146725849596,558.2000374313313,524.2587169184404,501.3562165089059,508.9325678371322
2016-11-03 16:33:05+00:00,463.9828893698194,404.2557395808672,437.2280478184052,483.75224758481727,490.839341642538,565.1045472746194,538.9132406707665,495.5153124062448,475.3194689484491,487.8236440670684
2016-11-13 16:33:06+00:00,486.1305488368331,,456.7374937479125,507.94469899964463,520.4175405288472,588.418096101884,566.153721597387,529.7262253397544,508.4223957389655,513.8834178806162
2017-01-15 16:16:18+00:00,491.1900078132503,408.1769024891325,441.1153452988798,516.6785008399331,517.8200078119813,565.0505869951874,537.9557073747246,522.9884795024768,519.4332317629312,520.8811558587812
2017-01-31 16:16:11+00:00,476.1010304891344,398.9483612680512,439.4830768179377,505.5401475746924,498.3870724548035,551.4357634619896,545.2506933027698,518.3280645179649,512.8639043214681,504.2709684937688
2017-02-01 16:33:01+00:00,485.5642261508922,399.5884748996097,441.883877250665,499.61123058132006,506.364972391976,551.057073310654,544.1829631832998,520.0417007866895,512.0532709679719,499.8383069747955
2017-02-16 16:16:04+00:00,484.1083592573125,404.5097951217072,444.6818171488481,506.0417331879023,503.9210193293992,565.0625110953197,552.5495966314219,514.5585525327095,509.8098731819212,501.0743443232286
2017-02-21 16:33:49+00:00,509.7195070144573,431.626985644361,458.24721827066287,524.1768134349987,531.7962042876738,583.8714929102799,569.1662747756709,539.5635139821924,523.1736580206042,518.39154879172
2017-03-03 16:33:00+00:00,506.18624227585184,413.1658477228804,451.7126196492286,520.6763722975297,514.3074807117647,572.8346665011112,555.5651316977487,520.9680229280062,521.3379018136035,518.1508318444203
2017-03-04 16:15:58+00:00,495.8185832564277,407.5480244328276,441.4850263221402,511.6972933710776,510.1446645670356,569.1725968099499,557.050118759895,514.5786758581413,508.58346189021495,508.2358259879702
2017-03-23 16:33:01+00:00,516.5411154118784,434.4112554118378,455.0100864686215,525.3509036372266,534.8596598209467,576.104094842585,567.1277359211003,539.7269766565571,524.9756449952223,518.1742657308996
2017-04-05 16:15:41+00:00,512.8326037591821,436.0497754655254,459.9624759945257,535.0652102211092,537.3284161075421,577.5929084822695,562.7261267285869,541.8026210391724,528.7426844208366,523.3062078744732
2017-04-12 16:33:54+00:00,486.3809049538252,399.447009851535,436.1736347318605,501.44720704391045,501.9416257040787,558.9581347522483,539.3108567325837,511.4050074832869,505.51851328702105,505.7261620915047
2017-04-21 16:15:31+00:00,516.345815585085,438.5783162852852,458.73729905817527,532.8543106531927,540.9625681167068,583.3048388588762,564.301151814623,539.4066687656906,525.3421762508175,527.5715284474991
2017-06-01 16:33:54+00:00,479.5196108278941,415.8847515273018,446.5884554833257,498.5953989767985,516.3590794163141,565.6454752063987,551.1669031217439,521.9772608938408,502.5674913681408,503.9835876949375
2017-06-08 16:15:48+00:00,,,,,,567.4947371486043,541.3797859181554,510.69749765666114,489.3310134892973,
2017-06-11 16:33:08+00:00,469.87006670096736,403.24185096471,439.6093426110906,498.6455957168372,492.3999861732512,564.3948118430866,543.8306508254424,515.6096750100617,488.3598709335391,490.972039340378
2017-07-01 16:33:06+00:00,478.8407540934202,430.5279819061733,447.5097904003404,520.6066018454408,512.4696235763925,583.4655040072412,566.5644474170551,542.3931103950165,514.7484406753431,514.8170533040155
2017-08-25 16:33:31+00:00,422.97210819592647,,,480.9711592862766,480.13924400231474,,,,494.63211801735497,485.64498366980433
2017-11-18 16:33:04+00:00,431.9133448234946,422.4251356648719,438.2372375467624,491.7976097318324,467.0594131993906,574.516215160392,548.1063616881164,518.8552877185388,494.6146147251036,490.6714477918928
2017-11-23 16:33:43+00:00,427.7511375215983,412.8147044694852,433.80595605389686,479.5125197338364,458.7551512545364,566.9493333178445,540.2604180679564,513.0625676658238,488.971484814722,484.6388076111441
2017-12-01 16:16:17+00:00,420.0480129153448,,,503.3337106891217,476.7646867526184,,,,510.501653964305,506.2037773905992
2017-12-28 16:33:01+00:00,455.6001417523474,442.1248981804573,449.70246237652736,522.6713710995729,504.18109997775446,585.8619207542044,570.962026521111,549.7526614304912,527.1281848322842,518.2691757127594
2018-01-12 16:33:47+00:00,464.02091513628153,438.2178563278208,453.7008440401001,519.9767664656309,504.9788961410325,584.6152045808442,575.2728393511977,554.923433889191,533.4307935430803,519.0355996681287
2018-01-17 16:33:48+00:00,440.2704663272244,413.1219095805914,438.86246098939927,498.8940606944309,490.8857627113057,567.1279009558698,561.648967886445,537.0263853056626,520.7692738348513,501.09706268880905
2018-01-18 16:16:10+00:00,429.0886009954543,401.4589172837451,430.6140473765913,495.81137453410247,478.1470082912696,558.4473401681785,550.524635064471,531.3777333405934,516.735049844757,493.33444336231287
2018-01-22 16:33:48+00:00,438.44295467477104,425.75610614124935,436.1223125436687,491.33685638110205,482.0973376061815,,,,512.1012883275331,487.2277571619277
2018-02-06 16:33:03+00:00,444.1666837256994,415.4903658286742,443.05383885627793,502.6776666858845,485.9710182174522,574.990854247228,562.0216790844481,533.206224163977,521.397332573637,500.0881181846504
2018-02-11 16:33:00+00:00,464.596760104705,426.9878346492886,455.8739975149485,517.1708433052312,506.25153498754014,588.5262543567674,579.2427422806554,548.559942242574,529.5856628760353,513.9528606867481
2018-02-21 16:33:47+00:00,441.7171795931612,,437.5668921897302,498.2940020619744,478.755548584369,577.740777564383,561.2542265694938,533.1228772135373,524.5247734611372,505.7041491814804
2018-03-03 16:32:58+00:00,452.9982812385503,405.07079776865805,440.7610420965942,500.958954007589,503.7424936266521,569.0538014800766,557.2786617032291,536.5029584089006,531.5905000961317,509.22168527707095
2018-03-08 16:33:03+00:00,463.6678665251048,410.8060776702552,444.1741810125437,508.5857976082417,500.5663946160128,579.650648175236,564.3704212927646,535.147385669884,522.1610123046147,509.083291976177
2018-03-13 16:32:59+00:00,483.6739408281792,437.9648737287676,457.8839608209093,525.2753594920837,524.1638539486668,587.3259014172063,579.7156701907086,547.7206900863939,537.04509463615,519.8009108512953
2018-03-18 16:33:04+00:00,458.7381122556827,403.0296746881181,431.922871217885,497.1739711353479,481.4951974557538,557.4256686913923,546.834744350617,504.0146765588431,503.6000128045032,488.63287276878566
2018-03-23 16:33:02+00:00,473.650156790239,420.2187619024701,450.3704873657405,503.8984864131052,499.4238455356536,576.8868943373138,564.7959560686269,531.726341225448,516.1953622253811,509.3147999332522
2018-03-28 16:33:06+00:00,475.7857520556724,421.2460234838584,445.29611949256855,513.7883530947323,509.25094356671696,572.9805936703088,568.155860186305,536.4592899962367,520.1311532559166,510.2758517071514
2018-04-02 16:33:52+00:00,451.91036349755655,399.2561572371903,439.0506417368284,486.7995940640775,485.30255120602897,555.0167314956625,548.2465844479484,506.99936413333467,492.8466298175705,494.3840879732402
2018-04-07 16:33:08+00:00,468.6947544161304,416.7760641843876,446.85182869249866,505.5287359201104,507.30991685795,571.3130099361184,567.6843956829543,531.9457275120463,513.5402226139332,508.2908013363612
2018-04-08 16:15:31+00:00,466.0987270984597,407.1659191627525,444.3462291121631,507.59982590061605,510.8743071701842,576.0069771249733,576.7048040247026,529.5237283605361,513.0952370234008,508.5533764234479
2018-04-12 16:33:05+00:00,476.8778661267691,,,515.4082117120013,,586.7052877314563,581.4574239898506,542.9134045452985,,
2018-04-17 16:33:56+00:00,467.69906776274,401.5988402052562,439.4835544316512,486.6101176371652,500.0012310184114,560.737761152491,554.513025758227,509.5548177193595,488.5766537921346,485.52223479535184
2018-04-22 16:33:06+00:00,481.4855848230724,425.91097726439824,457.8657468608354,517.2221960974723,510.2927092271206,581.514062255563,572.0467401102132,537.3597761494566,516.6928904664856,515.21882304234
2018-04-27 16:33:09+00:00,473.6248866031665,416.1367118490487,444.0124759917698,511.7714815248595,507.6230785524559,584.9170285993184,571.6569272230665,537.705722590599,512.7036867387427,512.7874479772637
2018-05-02 16:33:38+00:00,458.9749879378028,400.3651963262552,434.2689603985509,474.1213378707676,490.7375207919281,555.8652332055105,549.014703235878,502.0628339229572,486.2856810113375,479.9948580859484
2018-05-10 16:15:12+00:00,474.66820658684463,418.0282783631524,450.6222889577506,509.6882247373227,519.8746255906264,578.6829455971103,574.6567537251765,538.4757128732817,520.3671984443065,508.8816440416303
2018-05-12 16:33:06+00:00,477.8829669365769,430.1524761390307,452.4449416804174,513.6356696413085,519.0619925135494,573.6994475414342,571.6848655581823,536.9840018196535,517.6903957735591,511.5375595198423
2018-05-17 16:33:10+00:00,,,,461.33970183510826,,,531.7061396456367,,471.1282472029496,463.4242766107822
2018-05-27 16:33:57+00:00,473.4420231879487,421.070848792883,440.8409417547142,500.60205850426615,509.9060643289659,575.5848211908824,560.0740632545011,520.8424859915245,509.1702062474662,496.779097803597
2018-06-01 16:33:04+00:00,461.7156970005641,410.1218136830943,436.4500164991206,483.2674338335813,495.5785187766865,564.5244603760724,548.8557303510377,514.7191955357424,490.60883175618005,484.9609668667124
2018-07-13 16:15:18+00:00,459.5879352062369,409.6172001066676,434.2172209150801,496.7512317807118,483.6623141266246,566.4817646686038,544.7754321302511,507.8921371787569,488.3028462413219,480.581822688698
2018-10-04 16:33:04+00:00,458.1705984366444,412.09113319773326,427.32904229394927,510.8090915386721,495.7099723945709,573.5354368266215,547.2467744554116,525.2961201595182,509.7373090089064,
2018-10-29 16:33:05+00:00,435.4890525060613,407.91511122011457,437.8736444255489,493.6784461444465,471.46704813846713,562.7580781790418,547.1279154862219,494.2102217452691,483.3289944115666,482.68085364661584
2018-12-08 16:33:50+00:00,478.8230522354178,412.4456661807448,450.0826396035836,508.8164092712804,497.2734901536102,571.80031568206,558.6011778785429,523.084093289518,487.9954624958965,519.0577240148226
2019-01-12 16:33:51+00:00,462.22181154883896,,434.40531423998334,503.5104134000045,494.2102059176898,564.4100524315093,546.39261103362,525.5349499097098,507.1375852376071,497.4965855465094
2019-01-22 16:33:52+00:00,479.8265710564185,413.83155806343535,448.2995045013905,,498.93600937321503,561.7313898042048,545.1933664509233,513.3299994422059,,
2019-02-06 16:15:54+00:00,471.2906203369767,392.499674551999,432.4189354341089,506.3669387345565,489.7984689087848,546.8395117124121,543.3893444499363,505.5310628064513,497.6435361058786,494.77831263011353
2019-02-06 16:33:56+00:00,475.9005087561699,408.293919497395,440.6219152379394,506.4608543996363,498.4944132041541,554.6189706325464,548.5446499469904,520.2900416939973,514.6235801131324,502.4209564966372
2019-02-11 16:33:52+00:00,474.9688157788146,403.3249161539046,442.0357038689142,509.86249396530906,491.4451595650261,563.6247916246224,553.8916750792035,525.606750795689,511.2538890785009,505.0068892994377
2019-02-16 16:33:55+00:00,501.6566554792721,429.7892966509584,461.70584170378106,536.301763040302,524.0298111768234,582.11250796559,575.8740429981117,548.3793800625045,530.7413991937584,524.6838136833675
2019-02-21 16:33:51+00:00,482.8145381509902,411.365764417324,440.1510237980872,522.8349375967612,514.3905793760769,554.3189718660831,548.2943564177131,532.8848378232279,526.914752634772,521.6225225455113
2019-02-22 16:15:51+00:00,476.6464616904681,389.907569187967,425.7626598412532,519.7128658155921,510.211319782814,548.9507414677356,540.7774056493565,526.611065262696,515.1203936319941,506.6108250037397
2019-03-03 16:33:50+00:00,486.1192662341778,414.5758532237153,442.8665905882897,524.9437150761519,517.8291596477228,572.3247231956777,,,515.152000531798,513.6557130639757
2019-03-08 16:33:53+00:00,480.318946810396,399.39765758884414,437.1030307688912,,,564.1357206107969,553.706407022737,525.1613340278752,512.1679496458631,
2019-03-13 16:33:51+00:00,479.3266513298152,403.095980307364,438.3351954672211,512.0458186582063,504.0985559956421,566.6028487499088,551.3378267094901,526.8012945532364,503.1319144950069,499.20567576394814
2019-03-26 16:15:42+00:00,477.5881075343102,391.0309486553565,439.2666261543087,507.0735168357687,491.75602746482576,556.4432148291069,543.2144037626151,519.5873370465816,504.5777241814408,499.85268508535336
2019-03-28 16:33:57+00:00,482.4489043415751,412.64586892495646,451.6368476068542,518.7589181263646,504.5464272304952,572.2999772814903,564.61300699273,536.3754188070096,518.1413174200499,510.2510016925471
2019-04-02 16:33:56+00:00,490.49759762440783,415.3559176626787,449.5659012692413,517.3061260057243,505.7562270529783,571.0246134009851,558.9747128552424,533.2048677321876,520.1665224089828,511.8947446443802
2019-04-07 16:33:59+00:00,491.84266833481206,410.42851367156896,448.7603268804934,511.4887098417056,503.143656107647,566.497228988265,550.5980133669748,530.5990385468846,520.0520549225091,523.8606740014335
2019-04-12 16:33:57+00:00,486.5544433891645,414.553304978926,453.3625133416347,515.9939281444524,504.4094328161488,570.2527014281234,558.9989167118335,532.4708014591283,512.2052553389376,515.4868398309594
2019-04-17 16:34:01+00:00,496.0681065169743,,462.85716112554377,526.4044387227568,516.3646109826942,578.4574453894145,567.5758327567069,549.8312946857972,531.0068927170736,522.095742341729
2019-04-22 16:33:59+00:00,474.55193879852766,387.7154630448306,436.7987229637438,504.6526813320395,496.79720835087545,547.1584427985938,533.3962998679082,527.0241444220657,512.5501139500949,499.27781992716814
2019-04-27 16:15:32+00:00,484.6332853690676,410.788538874673,452.2220416483263,526.1741287261053,515.1782647009522,566.4820426228006,566.341030099692,539.0378039203762,522.5856430256594,516.7890629815686
2019-04-27 16:34:03+00:00,,,,,,,,,,
2019-05-02 16:33:59+00:00,486.0207750481248,417.9633102053367,455.1313870257702,520.9591909542775,519.2758228987029,574.5019639949865,561.5746700641325,540.1693633939279,519.8301760620086,516.4196926019039
2019-05-12 16:33:59+00:00,479.4498931704589,414.1554387484147,453.5820463141302,517.5217572753244,510.37485871494425,570.4102483963723,565.3925981573218,536.9297404040235,526.7958219648658,511.7683169575312
2019-05-17 16:34:04+00:00,506.9225716046552,417.04751494993775,453.731476543656,512.4116590814447,510.4484548261473,579.2126125056287,561.8680382147778,528.3099404706253,516.6654509512488,509.9737395453337
2019-06-11 16:33:58+00:00,498.1939455671678,452.3153956614208,450.1059411641002,,,,,,,
2019-06-26 16:34:04+00:00,501.3814667755381,425.6674554812798,452.297558950002,519.5592517933039,512.4978417777811,579.2612860056994,558.0680182232567,534.0499793643675,517.9986774233507,521.2520634081078
2019-08-17 16:16:17+00:00,445.6751666733735,405.43531560737154,432.1452786547046,487.7876187085261,470.0451788124174,568.9314155891864,547.5997036154668,503.6435982641999,483.5992533558074,486.0640648096714
2019-10-20 16:16:32+00:00,442.4228626191968,410.1756939306033,426.2241360501127,481.8948758121279,471.30599976038536,557.7384230089301,540.1430800247246,518.1472366075426,493.5089972052686,485.48484058006494
2019-11-23 16:33:52+00:00,,421.99985944241575,438.8761765374064,,,582.4163213045041,582.4513851706376,555.0462783694684,533.3516147946226,522.2913137397517
2019-12-13 16:33:50+00:00,461.03099682709166,411.0341981107953,443.5636556316013,508.3081930343644,495.9222833538672,559.3333105767297,568.2233028355962,548.8600885193173,530.807125597754,510.0399744447504
2020-02-01 16:33:48+00:00,474.5878566964537,417.9538639951016,446.38062170404135,511.7592868860837,502.3010975563273,582.2891417259278,577.7843688407631,543.6281928172695,522.581368193105,509.6297414702324
2020-02-11 16:33:50+00:00,,,,,,588.9624341482188,,,,
2020-02-16 16:33:49+00:00,473.60283439361433,,451.8054393404244,519.2211209418967,506.539333429717,582.931638958406,,,,507.0201964607429
2020-02-25 16:16:07+00:00,451.9933601970661,392.4714014864202,429.9523765249498,499.4003050907209,484.2567857795259,572.8047568877683,561.4005926703405,526.5350249219601,507.86805408116993,482.8450805276895
2020-02-26 16:33:51+00:00,454.3487755391056,394.8456906906832,436.5687319983655,507.5530247869673,496.2694126589342,573.8322042515656,559.8373355419377,529.2114262154364,514.003239184097,490.1827754407648
2020-03-02 16:33:53+00:00,470.7801771341327,414.4651353310732,449.2838804114981,518.292077140028,510.8124151942178,581.2842937006828,575.8663953524833,547.9794785387105,521.518703409081,504.6503803296831
2020-03-07 16:33:51+00:00,488.8900770052368,434.6480736169952,459.6929163342147,535.4073430925615,527.0090910140755,596.9217762162458,591.3654778653192,564.4727002445806,538.7221572391243,520.1880292240054
2020-03-12 16:16:01+00:00,461.91013241565145,389.2547863283604,427.2041354433379,501.7838469394744,496.841932185616,557.320279171638,551.2329037295248,529.3863518394041,524.780514888607,498.2767469108857
2020-03-12 16:33:53+00:00,481.6038429070072,407.6428148681737,446.3669620031207,517.8132598749055,514.916182345204,578.4583840068088,572.0756959422711,549.994603970673,532.5146180673834,512.8493477481882
2020-03-17 16:33:52+00:00,487.4733611962806,423.33094694982,449.7695992585813,517.8207631017827,519.0385872906386,584.2303370572163,578.0557249341109,549.4793558760251,531.1203097525346,516.2782444235498
2020-03-22 16:33:53+00:00,490.9642200632711,417.57332935017695,446.26830110785033,512.5232726708457,510.4651326591832,577.4638378863673,571.0031584596574,543.076005883623,528.7922100139413,509.78654785880326
2020-03-27 16:33:52+00:00,486.8949358721295,404.0369274935498,440.6609181011057,498.2964728152229,497.2391410445839,568.9094497855697,557.6504541098799,535.0057521158358,531.3257549889888,509.0587384902029
2020-03-28 16:15:52+00:00,479.0781469592053,399.013110379693,432.6946452785471,493.62102091765234,488.82917744549377,560.0155870176352,554.3114920027504,527.0763702079612,515.9972262337831,498.057684508356
2020-04-01 16:33:53+00:00,496.9457673767268,425.3763785107572,449.6425118838913,516.041841468352,514.0823624818208,580.326386721527,572.5389347016173,545.0111404725562,529.5375663778836,519.8100597375611
2020-04-06 16:33:53+00:00,485.8410029942878,415.5230045680759,445.35556874207856,507.0338005649072,505.50803215729,574.5987001992157,565.5180365328832,533.9952011093759,519.5707728234947,509.4244417495381
2020-04-21 16:33:50+00:00,485.4494969633603,424.35079033629,451.9405513624672,506.6157128430394,507.9994816787547,572.2130568310338,563.711303039718,532.6738721852282,518.2763717729161,507.22408038828553
2020-05-16 16:34:01+00:00,489.90011698997125,425.01287536884206,449.4385226288781,523.5562405224524,524.965984383279,577.9541371998016,573.0232331828836,540.1419532767959,522.009738075187,516.7223373444842
2020-05-26 16:34:01+00:00,474.688605669014,401.53661885719566,433.7797706999018,495.9629963477606,497.5224466902017,557.577879212243,543.1708388508894,514.6661923111219,499.1056289868183,491.8382463152228
2020-05-31 16:15:38+00:00,501.7442588222675,425.1347047256424,460.432909280793,523.9094720726569,528.2689054741744,590.2200213783741,588.2620005521223,,,
2020-05-31 16:33:57+00:00,499.87799959915424,435.6563750571517,456.8551539742387,526.5402258481239,534.5688866105006,583.8405732694155,574.6004996634541,546.4624963371002,530.9182551970551,522.4198783347522
2020-06-05 16:34:02+00:00,485.4801974862218,413.977513821392,443.48149598092334,504.4457612742953,509.5542638836727,568.0227661204533,547.52186404793,517.6454372935235,509.47766997534814,507.6736692009747
2020-06-15 16:34:02+00:00,483.2042029369831,414.5076274245675,439.2035624846045,525.268966604156,518.6774657244691,577.3342931500362,557.4824927339529,531.0672001669324,521.5540885450675,513.8658976253026
2020-06-25 16:34:01+00:00,466.867243314106,415.1013013031969,443.1612061212195,514.6024947241037,500.2438999295954,572.133890828727,544.688027517155,514.068741790446,509.1815228172061,485.83321770672615
2020-08-24 16:34:01+00:00,453.7332008420556,413.1113053965434,439.28648482641296,504.7139177599344,491.0841385290876,562.8742124077494,542.0003878575094,525.5178019995972,497.3099463613552,496.2748884577903
2020-09-03 16:34:00+00:00,439.1422460379843,408.0169487277516,430.69870095062686,485.3270059314526,473.85202348351066,567.1915330438771,543.0786747936281,513.6993149486453,484.770174927084,491.3690015038623
2020-09-04 16:16:19+00:00,434.993792851396,407.0891887307974,436.9518412884588,488.330638673801,472.5230458003167,586.1332118308283,547.8147408848913,512.8391577552068,484.2186769362791,489.7830629028531
2020-09-23 16:34:01+00:00,,,,489.35784241900046,474.14160895947526,,,,490.4039504636849,483.6865414337384
2020-10-06 16:16:28+00:00,434.38773690171496,404.0260257146598,431.2175543897408,483.566542329378,464.772922180066,560.8889826226775,536.0244664957769,509.4084202196649,481.26831185650815,482.209042531728
2020-10-13 16:34:01+00:00,464.6786822710185,426.7920239919879,441.26945871018654,517.7425242587744,505.19181609319367,575.5720474225982,565.8250192241094,,521.8772085761472,509.5657635435597
2020-11-07 16:16:26+00:00,445.9062176157386,419.6961064249053,438.0796441225584,482.8709707917796,480.3987680538321,563.9054512852238,539.062670331721,512.1794505899729,500.1830930538907,489.0520312016881
2020-11-07 16:33:57+00:00,453.31918704411805,421.20658421209913,442.0373026170622,492.6679109199352,487.457639155716,570.8634619723258,551.0519830739054,520.7265046649582,507.6856342974044,496.70588378690616
2020-11-17 16:33:56+00:00,460.73700961648126,426.8746002873517,443.3082058179742,491.99450012905487,485.4645328491051,579.2116660128851,548.0362820029475,530.2139507570978,512.1058207509963,502.0459543619232
2020-11-22 16:33:57+00:00,476.3023413211091,425.3323772014363,446.5644462831574,510.7723931895428,501.2850318814676,582.6667041115127,565.9636800778717,544.8672063310233,518.6777778365819,511.1245618648112
2020-12-02 16:33:55+00:00,457.66119402793737,,437.6210206625947,496.6016845414032,483.35767097758185,570.8918688789518,547.6282399650725,538.1203883158219,501.1450108292167,502.7295162010334
2020-12-27 16:33:53+00:00,482.095761203882,439.9551969091308,458.6014408730296,520.5971244660179,516.3857725048414,,,,545.6392670463051,522.7390676839152
2021-01-01 16:33:56+00:00,457.8702885841746,410.7083092570742,441.3862827078436,498.33351262155617,493.332512022549,558.6822306606457,541.1853447511764,554.4343249527678,508.4859065045095,508.63731153110217
2021-01-06 16:33:54+00:00,475.8857179885434,424.11020567741696,450.4923039394593,510.91825093451706,504.5079801406338,577.9562951302748,563.2592289339115,548.1275168087693,518.6171313564305,517.675422509838
2021-01-10 16:16:21+00:00,467.2462923437605,409.1413007760911,444.51318970259183,504.6270936052096,502.691126716034,568.117812073564,555.5489907577614,542.5861129376106,513.145074988739,512.0445893075519
2021-01-11 16:33:56+00:00,467.01674638415415,417.5515126743885,446.8824230918409,507.7031492634591,501.6985292867387,573.7093234229608,559.4503365563091,545.5398289097444,511.8858524741621,510.95489582088464
2021-01-26 16:16:17+00:00,457.4564288542834,386.1537434778614,433.8769559447464,,,,,,,
2021-01-26 16:33:55+00:00,,,,,,,,,,513.179597938621
2021-01-31 16:33:55+00:00,466.233016999236,405.1775594291309,435.1460612191205,502.17959143369103,497.8356559577499,556.0605491748522,552.2964326017102,530.3709717037569,525.3274317487495,517.3013469316714
2021-02-15 16:33:53+00:00,484.5827865201583,410.77963146794775,460.6085658804898,510.5808118020232,498.5437105783594,587.393899012042,572.1253468124073,,,521.401313181683
2021-02-25 16:33:54+00:00,493.128654594074,428.97385391938445,467.33941221034,526.0787543842778,518.7561919745858,590.1793385442098,578.7386218089132,550.290632366167,541.6637073881752,531.1472725999405
2021-03-15 16:15:59+00:00,471.3648620609629,398.78654490852114,442.4875780708868,502.9842266322667,492.6354542847312,566.3340470029837,551.5190267782353,525.4686674135576,514.8129935283774,503.8148049916826
2021-03-17 16:33:55+00:00,476.9118548117845,406.5734308868516,445.5034892512781,519.266083674275,511.7179082316519,574.910496449007,564.6897621252615,536.7380252150356,529.323229715984,519.4454490042986
2021-03-27 16:33:54+00:00,501.8836152873345,433.667863345278,457.7312644997902,526.0907508519728,523.0360747788111,586.6188034081628,575.8254834795277,549.770787748097,536.2090751362834,527.1475277327088
2021-03-31 16:15:55+00:00,481.6370359759876,395.0264963870288,437.340276339752,501.9967485990233,500.61586062327245,556.2727790744987,546.9555148355357,527.6200489505222,515.0586360773154,506.32137648999054
2021-04-01 16:33:53+00:00,473.0265827115133,399.3577111429868,438.67759513325166,488.4029164204791,490.46599542845297,559.7754827248673,545.0607210007449,518.06474932144,506.62798869377946,498.881286493628
2021-04-06 16:33:53+00:00,501.2873645011631,438.8568665785644,462.9190508695111,528.0898841636626,526.8872484348676,584.7603759929261,576.8950783944724,549.1247472265777,536.3380722057656,527.4271581249086
2021-04-16 16:15:49+00:00,466.17476041625895,400.9877183841056,439.1374734187044,494.2017544799802,482.8239747343599,559.4294767396063,547.8995585466153,509.006123753954,505.3660532320844,490.7641549958074
2021-05-01 16:33:53+00:00,476.862904471498,403.207539957636,438.6683064851175,491.5606686015829,497.8954105906092,566.1402081585369,542.873891978731,507.1486463339115,507.8143209363348,490.2010754421997
2021-05-02 16:15:40+00:00,474.2252588223098,409.1557938051382,444.97129931112056,499.8752123645384,505.4170104780909,569.6074496801896,546.4453287707048,517.3879776648818,509.6565902047633,496.06341027694
2021-08-04 16:33:57+00:00,483.18529427450886,438.3817730511744,450.311667632796,513.1045814362354,518.4601636133785,589.4453494416804,563.7433610184594,524.171887173785,522.7938626278386,512.4628494147772
2021-09-03 16:33:52+00:00,476.7666294865668,,453.586868580549,516.8474249215874,514.9857314283821,,,,515.9765010948263,506.6636430285562
2021-09-23 16:33:53+00:00,,,,,,561.5712013161019,543.6431035954049,489.86779528361626,476.1336628946494,
2021-11-22 16:15:56+00:00,448.9606540456256,410.4205827143713,438.7699210091056,504.1124657884406,481.77784695438936,573.5408196209954,544.756882005645,501.7857450417114,477.7035457756474,483.2286536611821
2021-11-22 16:33:52+00:00,455.91947457585553,425.6760031008092,446.973622983804,508.2437553149129,493.6480549671724,574.6715285712341,554.0255578893756,509.7546533674538,483.6506540185408,489.349381908301
2021-12-20 16:16:25+00:00,451.1905162913477,406.8930404263697,439.9485432413293,503.0166717827398,491.647531688758,562.0562175175485,540.1211548539279,507.0246665733951,488.1007772701696,497.20034932805584
2021-12-28 16:16:24+00:00,480.7117728119883,421.7805724265392,451.5353431475132,,514.6107171611059,579.0616014934532,560.61498028147,532.5124889171675,,
2022-01-11 16:33:51+00:00,486.2984108186436,437.782163465068,457.5014236438311,526.8035290516804,519.8647353291503,581.6306264585178,568.2945957898273,539.9226444185887,518.5655855400166,518.4975820598607
2022-02-05 16:33:55+00:00,484.9940368537072,407.0053329699425,447.7155222296901,504.68050088705337,492.09915919681146,564.3440200873483,554.5431701430518,521.5898534446949,511.03282143057095,501.507314302752
2022-02-06 16:16:24+00:00,481.845996157288,402.6505140948348,446.352027620743,505.0202973124162,486.3728823223661,562.7644403866572,556.6610116673631,515.5113364228016,498.3694870033213,499.7212274427227
2022-02-14 16:16:13+00:00,486.2464194626072,415.1360881711889,449.8806643503343,507.8594765161308,494.31426438344687,567.240888778689,554.2999926760809,525.0582773543973,508.6354757625113,504.33498456812765
2022-02-15 16:33:56+00:00,496.7257543270038,422.7942546297974,462.5079989115388,518.7802179827755,505.8920232882963,575.841504966014,563.5552559083255,533.0899054523519,523.428729003013,512.7121667420622
2022-02-22 16:16:15+00:00,478.2983236448941,403.4928114228894,438.411326054301,506.4697228733816,499.37702637231325,566.3802393986516,553.4370566382632,520.406900233005,510.0533541770221,501.4794777023516
2022-02-25 16:33:55+00:00,496.786335754363,428.0481229430388,454.7100928216685,525.65547793625,523.9024975705177,576.8528695270298,568.3158699549728,541.0263346258325,526.3573921976181,520.9433088004846
2022-03-02 16:16:09+00:00,473.881883815132,404.1754023028533,440.6784781888148,502.1385589170032,496.93794686740455,553.8257008412147,547.6822916287496,516.2996190995052,511.2083327282877,499.22594281389536
2022-03-02 16:33:52+00:00,,429.7960399168194,,,,567.9858704875671,562.2428278348316,530.2472472599595,524.1019192458145,513.9583703828879
2022-03-10 16:16:10+00:00,488.7668547109293,422.565057164457,450.3587616794523,518.6468998757429,508.6445864528991,575.3327770071048,560.5989163154401,533.9931625172375,512.8966690171294,512.2338947208718
2022-03-17 16:33:59+00:00,,,,504.18790284737247,499.7497995457029,564.7750926848157,554.1017910012264,525.1444841995217,512.4973088930217,498.0248928219064
2022-03-18 16:16:02+00:00,478.4401901200271,403.9227045216917,442.9407917346383,502.3093786575699,495.3255475213312,557.5105540492675,549.8956621230229,516.4111542177758,507.4693724337161,492.9434936730288
2022-03-22 16:33:53+00:00,491.9563546824433,405.7028946497329,441.4234442036926,512.6174205124619,504.1904844884977,560.610195417473,552.58578125851,530.2773822684235,527.1450507530808,508.6869508088648
2022-04-01 16:33:52+00:00,,411.5087017719172,452.385732066796,,,,,,508.8033148572769,509.4170398759854
2022-04-06 16:33:56+00:00,481.9517336412173,408.252582762172,447.4772174667687,496.5895747772409,504.8435493332729,568.4329959441086,555.0376723993322,527.6119546672885,502.00581930480257,503.4977572862047
2022-04-16 16:33:59+00:00,493.8506748154256,410.57338285242696,442.88289490830886,507.5778083723228,501.3263272027632,578.2197241502628,560.0588650618338,531.6330450187113,504.5739615927663,507.6532389462516
2022-04-19 16:15:58+00:00,497.91339024837583,396.7040853714345,435.66528815024,500.8794550983775,490.78041417996144,572.4919512474553,550.9893347222695,520.4788428892115,497.8900018841338,499.9343817213464
2022-04-27 16:15:53+00:00,502.11837507244434,427.7849507410874,452.8114258281605,522.4668844232832,520.4195138208391,583.0668333686583,577.6473252969047,549.4081461648185,523.0153666766441,522.6727662167623
2022-05-05 16:15:59+00:00,473.8346793183444,409.06140879633176,436.54389595316405,489.6853550773413,486.48924565681926,563.8421865087796,549.9475189144498,519.4492843198478,495.2500990103512,498.4173518435065
2022-05-21 16:16:05+00:00,479.8256149018817,415.16352363736456,442.95938980920056,513.0956099574863,497.2896730872067,570.1680865778783,547.6816112565668,515.7044492854315,507.39137064908647,500.2748221865143
2022-05-21 16:33:55+00:00,487.3299404924823,419.8089651630153,449.03155002275753,514.2610465618125,501.3391789347797,574.8018713058568,559.9559576110368,521.3778895690969,511.5432818187357,501.7878161349974
2022-10-18 16:33:55+00:00,460.1960523770284,439.4813358980615,448.8979092009989,509.6032454100184,500.2677749355911,581.884612647163,556.7261020338535,534.2375346618303,509.28237053860624,509.8352671651219
2022-11-07 16:33:54+00:00,462.3713982711096,432.36293030792166,448.6571094651077,510.5695865301417,493.6852110735391,580.0974070810082,559.4715068287823,531.7915288596915,507.40488143424375,507.2982162924553
2022-11-22 16:33:55+00:00,,,,504.7883311585516,505.8995518261392,,,,523.902269593865,505.8094417139973
2023-01-08 16:16:35+00:00,461.83523000543823,403.8221768263976,428.152199619656,501.8592600353853,486.9518408516639,551.7778230261301,542.831677883692,523.1291572943151,506.71131575501175,493.969403593651
2023-01-11 16:33:53+00:00,473.30829490074353,411.8311882494068,433.6468213581365,499.6032476583241,484.2686292915072,558.2125651928637,550.7324586303479,526.4905468353271,514.5064581110273,497.1651181212375
2023-01-21 16:33:51+00:00,478.54186873152696,414.4463561186416,435.3257121063211,509.4484608574293,492.3195778870644,564.7142879758317,559.1756936734159,534.7685390905888,518.3465639783342,498.9095505706068
2023-01-26 16:33:53+00:00,488.7089871863561,410.0743121951679,435.440782521528,516.2370259636697,497.616387176659,562.9000236621573,,,,506.5363618583455
2023-02-05 16:33:53+00:00,487.00452206913855,416.38131232567775,435.8288315543567,515.1058990584239,496.4450268123168,566.7265676344643,559.5462804970734,535.0365897796296,519.9692709604452,503.2700441904768
2023-02-09 16:16:39+00:00,468.2227737408165,401.6054520419992,423.47378058044114,509.51453802326336,478.0292136515656,553.7899181927417,549.2039257398776,524.9069901452256,524.3494088266743,489.47826826057474
2023-02-10 16:33:54+00:00,480.8937345372372,405.8195186706628,430.0995384290703,511.8319112359482,486.4588996851627,561.0250780380989,551.5542889449484,531.2069749698289,521.9618894744964,496.3312617201909
2023-02-15 16:33:54+00:00,498.1336718630327,,450.5607864001981,528.4836883776798,513.6909595846403,585.5830672543032,,,532.7517709574647,516.7746950649764
2023-02-17 16:16:22+00:00,493.28988583106417,433.8159024392416,447.6354971333907,526.3090317545658,508.6749008100792,579.3774942027126,567.3516609164508,545.9984189583149,531.5363264057452,512.7554149233896
2023-02-25 16:16:24+00:00,478.2974782211099,404.5603311835094,435.54182276938656,514.5419302179388,486.7713831568131,562.0282747940735,553.947739582394,525.6792112467148,512.1841995191014,496.55776174674105
2023-02-25 16:33:56+00:00,483.8972747860054,406.0600227181016,440.3111235389918,509.7917469650741,495.96105334626736,564.2931592798122,554.4341497638043,532.0304936023423,517.8082956486319,498.7531445778105
2023-03-02 16:33:52+00:00,490.6628377761703,424.3278934952072,449.8160601491373,521.8603764675194,511.58531195356375,579.2495266689216,568.9826670010032,543.6318104262185,524.3567354155105,513.2445048780133
2023-03-12 16:33:52+00:00,473.21186113336665,399.76068269581015,444.6409315040751,506.87762440554,495.6553437257669,568.093677267536,557.0197275141767,529.3477693489962,517.7804742764806,493.3163176716116
2023-03-13 16:16:17+00:00,475.0616665553181,402.7188732339407,442.94190338407833,508.442148029468,500.4037414902591,565.4415799995963,562.2318610281272,526.9947791799733,515.3568284817757,499.3984002026283
2023-03-17 16:33:59+00:00,493.934628993536,430.9603903182746,457.90087601885983,531.2047236693131,525.1365753365568,583.3951984650529,578.4414762827923,553.9523526978513,535.9760525502879,522.0648584970218
2023-03-21 16:16:01+00:00,471.8979082683167,395.8446387481249,442.4880013888073,501.770218728452,505.294252754065,561.304406526301,557.0456046636173,529.3910972852879,507.233275841644,506.2350849203991
2023-03-22 16:33:54+00:00,475.4667038068997,397.55314934715454,443.2138505786834,506.25893403075423,512.212561025153,565.914959588586,556.5442954894809,528.5354935734068,509.72391351111565,504.5091901699654
2023-04-01 16:33:54+00:00,491.9414805222995,418.45354777813054,457.6796658433692,520.9941086606527,527.7859567745787,583.886619850114,577.2256232524674,548.7830949556422,523.7639462863543,516.5738136176772
2023-04-11 16:33:56+00:00,470.518035964196,399.1074130397028,454.4234708164004,506.0896896726543,508.681223362041,563.9827196370611,558.2370229609924,528.9280424199936,504.4032068586288,504.32220847800136
2023-04-14 16:15:59+00:00,483.6959858747746,415.3040028191666,458.7238581141365,528.1405258757336,531.7406608321429,587.7658888394087,580.4466784301744,554.7253390133473,524.6365936371427,521.7784694370071
2023-04-26 16:33:57+00:00,489.1266132159086,412.5027398531812,455.7174083599797,516.8454356060294,517.9541907170036,578.7265702988287,568.056768907087,536.7715928462669,514.7512907091265,512.0808280195707
2023-04-30 16:15:52+00:00,502.6205736880689,413.5055634735572,453.7189482211929,520.7137455386539,527.2949390327351,585.5227020541653,578.198182580758,543.9490375994361,522.6662203713469,519.5851526962647
2023-05-01 16:33:56+00:00,501.2649691050684,424.5217449908823,458.9817896945688,523.9634106426164,528.7943491707264,586.7475282378347,581.3808850624843,547.5777725014923,525.8431641557796,520.9067651309867
2023-05-24 16:15:27+00:00,467.7279585480214,405.981062192702,436.1973775967164,495.2942057644531,484.6878527624008,566.498034415254,548.3114044401433,522.3800100055308,494.7670013040452,496.9162694180364
2023-06-25 16:15:40+00:00,,410.5832099791109,,,,572.9716143104099,558.4787302599319,521.963099127596,513.1297910615245,
2023-07-05 16:34:01+00:00,441.708013249485,401.2053363541594,427.5470497313087,477.5453114916161,458.049506946541,556.9819313232789,535.8606852433676,494.756233713181,484.2690741556619,475.91696488627286
2023-09-08 16:34:01+00:00,,,,507.7137843980241,,578.660662636894,557.277012413058,522.1243324660709,504.2984394137135,501.5363273992836
2023-09-18 16:33:58+00:00,430.2089779376537,,427.3887724546561,477.408291883201,476.1992996453608,,,,476.0071623064707,471.67104215139466
2023-11-07 16:33:55+00:00,461.43346477998455,414.8908530316444,442.1039893137311,,499.43289979491306,,,,,
2023-11-12 16:33:56+00:00,446.2160172403951,407.0104295377855,435.3193005733585,487.7281359282608,478.1280474767368,565.8949807638473,,501.6708512015105,491.7977202752864,482.6853065084313
2023-12-07 16:33:50+00:00,,,,,,580.226091953705,564.6721336852344,530.378629483734,,
2023-12-17 16:33:52+00:00,436.877452680798,,428.347879207225,485.5071605606449,462.15846212714985,558.1107990913629,530.5007430525749,495.9109204333017,481.0432586830353,487.2146076968869
2024-01-11 16:16:25+00:00,,,,,,551.4739928404101,546.21648758763,495.89039272864215,,
2024-01-27 16:16:24+00:00,465.3665820207504,394.1866993568177,433.05647803847967,487.0484971685637,485.05306894779983,552.498699379192,551.8842078661705,511.4120257199892,490.0015887364865,492.0571527124079
2024-02-25 16:33:48+00:00,472.9963631930588,406.12690875974994,437.3330928424963,500.3398137503541,497.09377947829057,574.3828055725046,562.9167841612928,547.4422174132475,507.10860812743294,503.7067468888812
2024-02-28 16:16:17+00:00,473.7755929366772,401.2865648478466,432.5827587373236,506.1060182284669,499.1011354741445,575.1742255449367,,,,513.5738636343754
2024-03-01 16:33:53+00:00,476.1795676489256,403.2629894951871,435.5968230559656,499.1317440343822,497.6126510781172,575.057535482784,561.9560607857582,531.7553321506632,505.2134909685958,505.4084904294672
2024-03-06 16:33:56+00:00,500.6379750960196,429.1580111172639,450.1433950998591,522.2373303945138,528.1762803088315,588.481950619617,584.0182134415969,552.1657169672101,520.1138606463098,526.0870180386916
2024-03-15 16:16:18+00:00,483.4281186699176,396.6508241217033,439.09693808918064,504.4896681530862,493.7621032977603,569.255675100741,560.7935735963016,523.5868149582038,504.33659336972335,502.8814365151703
2024-03-23 16:15:50+00:00,,,,506.6630186921724,,574.9498880084819,561.3659769582541,527.9314602064437,515.4106333600533,512.3666025143353
2024-03-31 16:16:09+00:00,479.75916105876144,402.6600340641919,434.9864140298142,505.4481426397939,494.2713207010847,570.0305605392717,561.4482667422232,524.5945975023752,505.9813327784382,501.54264243109066
2024-03-31 16:33:55+00:00,480.3967636101478,400.639267435986,435.9299219376634,504.8810650373722,494.5681016633973,573.1758790014466,558.1729062037244,521.3788494334425,509.804606263776,500.2302622084279
2024-04-05 16:33:53+00:00,,423.87884832581193,,526.4334134851684,523.1874188281214,590.3039611891311,584.060454801231,549.8433288138319,,
2024-04-08 16:15:44+00:00,471.4699509725839,392.5935136017723,434.6814743031123,500.6255795156176,492.2665418371601,571.3539833066463,558.1972220498761,520.6525619807422,501.8347675049065,496.522548930414
2024-04-10 16:33:55+00:00,478.7530146797448,394.7788525847059,436.1613498248911,504.7945886149886,488.6324680802336,578.4545550587579,553.4687405999105,515.1425456476844,509.8660332878658,500.3928767057935
2024-04-15 16:33:58+00:00,485.1290556356512,409.7600601366548,446.7864613487696,515.175015785958,506.5793491566154,580.2054121679541,565.1189020886043,534.8725782833276,514.1464271321685,511.4420154221503
2024-04-16 16:16:00+00:00,481.45641460551735,408.51020710741807,441.08088289884006,522.7003478671182,513.0638249072024,578.7247474732972,568.277260027722,534.7262151177606,520.5602357749979,515.1365428435815
2024-04-24 16:15:35+00:00,467.9708466497361,396.4135652376153,435.77087637760326,500.246052415,499.3343135732317,564.0593902825783,553.868699534658,520.5989499738994,498.7564056614687,496.2046661273055
2024-04-25 16:33:57+00:00,477.39811652617055,404.07775529110455,442.3597842375305,508.4766819964055,501.4984524389052,571.2236455906166,559.6211902821935,523.6478886030571,508.5753425887837,514.5104659625038
2024-04-30 16:33:55+00:00,483.7774287045669,412.7224347752768,447.879784348002,512.1960614439913,517.8745943931824,580.110829264604,569.8004887857008,533.3446364830269,513.7150136474169,520.9834435535076
2024-05-02 16:15:44+00:00,483.24455623251055,417.9491124542069,452.8155827387735,523.7784067192383,524.1637680568343,586.7464615510504,575.9213487963056,540.923539126099,519.9258399374415,517.5140173795844
2024-05-10 16:15:24+00:00,465.0455529890857,391.4158233075183,429.88176684423325,493.0287420647985,490.4233965767348,558.429814576059,549.1113103316135,512.6750212980489,486.6513765877944,492.88301282858
2024-05-10 16:33:56+00:00,468.8718679706458,395.197097810015,433.47954803968105,496.81229330030544,491.770462935582,565.2732360617633,548.0802488079337,522.9706719747157,492.22948002957946,494.198740587061
2024-05-20 16:33:55+00:00,481.2364058202672,419.0729136931134,447.13341845643725,516.8802357029325,509.9084254243816,582.2849614768702,566.8167777351159,538.3735831770423,518.467305384576,515.8774680838075
2024-05-30 16:33:56+00:00,483.321323733676,420.90932801744566,445.3953665697099,516.0561935839725,515.1829252598155,580.3975688806377,567.2862354341191,537.4476179100359,517.9353073066624,513.1310864233807
2024-07-13 16:15:35+00:00,,401.9813699837006,,,,,,532.224838260384,511.2710492825065,517.369944083675
2024-08-03 16:33:58+00:00,488.23924328343503,432.04614174035794,455.6616606442116,520.1223166590172,513.2767674900417,584.5142485563445,565.4798557786194,542.3139407683419,516.8733859122802,519.9633877099322
2024-08-08 16:33:59+00:00,471.09392281555006,416.4938741062157,442.3549638307408,506.0949551987561,500.1231494535994,572.9307037924493,555.4040583364301,527.8219113038936,506.587408556031,500.75318388692654
2024-09-02 16:33:55+00:00,468.2015086121661,416.1081331460233,449.2669498465782,510.07631227553566,501.77103794805646,576.19637080992,554.1881922424402,532.029627586266,506.8807967863506,505.94535107792
2024-09-12 16:33:53+00:00,,,,517.4680346008429,514.6369589835613,,,,528.4780562996153,515.2118000241715
2024-10-02 16:33:57+00:00,,,,510.3141075940672,491.46296503132976,,,,,504.4726206229341
2024-10-09 16:16:02+00:00,,,,,,571.1743106139229,550.8932706209341,,,
2024-10-17 16:33:56+00:00,465.0652655912248,413.42053782473386,436.4884998402847,510.8423759991077,495.3157271138065,,,,513.7241801782314,509.00615401363706
2024-10-22 16:33:55+00:00,454.69430134870487,399.7414043209146,430.2066492282854,492.9705395686624,475.3614256564642,562.8584649902956,549.9603531855596,519.8261356979987,500.18593242950647,492.4035667633527
2024-11-10 16:16:12+00:00,492.6460312797184,438.5848095774721,452.92846954869583,524.104666527873,516.2066364946559,581.544595331361,576.8449765948833,551.2747513405079,526.1308911342583,517.2699785069017
2024-11-11 16:33:54+00:00,487.3599506603941,432.4998746748733,446.3403565826616,528.4046567728526,521.8443892493361,583.4192474701426,577.2185122623675,551.7081705682073,528.5625247516523,518.3156884186727
2024-11-21 16:33:55+00:00,472.22194380909576,412.5095947917586,436.1342211627093,502.4722501307099,496.4992825151701,566.6607632399657,560.5762489296998,532.4808397954697,516.5608383858066,499.31559584243496
2024-12-20 16:16:11+00:00,,,,,,561.8654789745568,558.809067400449,,,
2025-01-05 16:16:12+00:00,480.9209900930946,411.221561613476,435.293568832553,506.5467964647843,503.0263279792752,575.9404715567568,565.2850069599937,533.5784591020009,515.0339002604479,506.5951482331254
2025-01-05 16:33:56+00:00,483.7283247162216,410.2268148727816,435.2940493237696,510.6081252822283,508.08764003958674,575.9071504902674,566.3448828371912,537.8229551053943,518.5265440196357,509.1447883364977
2025-01-20 16:33:54+00:00,490.16546401187736,413.6005399307896,440.10072926002937,511.4131251302539,514.8915515612355,583.9590235313264,570.4116654580475,546.2963669067337,522.5886691754446,513.0054598172725
2025-01-30 16:34:22+00:00,,424.4756077710298,450.9033178179076,522.9562689710724,517.0091815873166,601.2925631904213,570.9437797014191,549.6937852909197,541.1424438101865,525.787827451787
2025-02-06 16:16:12+00:00,497.2256645719309,430.74893923197607,452.1307747296711,521.5986778170989,519.485111169828,585.3996075482396,569.7102399080111,547.5723451913018,525.7030218736307,517.5484196256597
2025-03-02 16:16:12+00:00,495.15475530389904,417.5742426096469,442.7796962381858,516.6293165532794,512.0066692620189,577.5944523221866,557.9630747402588,536.5062614124621,525.9392638276152,518.886718217098
2025-03-11 16:34:18+00:00,505.61041309389833,423.6452989058644,448.8315230037387,520.9720942711078,521.4456412993702,583.5444851258123,571.5308702164,544.6907631577684,527.7222417035621,521.580596706702
2025-03-16 16:33:58+00:00,486.17894800162384,402.3982201803771,434.800285531248,506.57828177325,509.6833560176364,568.5918805101271,554.090939955189,523.6651313729394,520.1950391463995,
2025-03-31 16:34:18+00:00,486.8706804582965,393.5659451382355,443.91705553717406,509.3437725844954,509.6624173781616,556.0747891715201,550.8304299524756,524.4366679221047,512.8885935027048,505.8654662732222
2025-04-05 16:33:56+00:00,490.0446690347225,416.5527104368655,450.7251433040214,,,581.811859624609,571.1041618267667,540.8993440481663,,
2025-04-25 16:33:56+00:00,494.8605954756824,428.68838247570807,455.7255728199887,523.7841875823984,522.6420327271325,584.1540015979385,573.1067249614491,536.2204882719324,523.6733927062298,515.5713001117836
2025-05-05 16:33:57+00:00,494.2514571026901,423.81439231778177,450.0762777542381,,522.8783542691992,585.0066958912394,574.0964513799019,540.9857362705728,,516.0099549367038
2025-05-10 16:34:14+00:00,496.573755823616,424.5116674061658,447.7469126665095,506.3020591346367,522.0101136921453,577.4982829810781,565.5691200577264,529.642756703902,518.0522540037557,513.6557510771455
2025-05-13 16:15:32+00:00,,,,,,546.5546627091031,,,,
2025-05-15 16:33:56+00:00,474.8202707764443,404.13996170268456,435.8141728701741,485.2002349562933,498.072573328296,561.3497324434167,542.8903870186414,504.2959361267264,496.8901969156976,491.11847149757625
2025-05-21 16:15:39+00:00,505.5373648142694,422.0360373736357,458.1010055869349,511.49606015015786,527.9324447169469,576.7600535180426,553.0655036659781,540.422269726057,520.8004687572449,506.5718061736648
2025-05-25 16:33:57+00:00,492.8425747032271,415.0138347687138,432.2482971542582,505.8167485436671,518.9272836070381,,549.3640468981091,521.1759357791079,516.6190645328982,493.2372430762486
2025-06-09 16:34:16+00:00,488.434648979276,419.1472891865279,437.39572597848974,501.4709141135629,506.2052598829493,570.1457913159699,542.2958436198544,502.764281029803,504.59722195148777,496.9701160731098
2025-06-11 16:34:11+00:00,484.86228395249054,416.4524593773427,438.6228392568284,495.81797481383353,505.48593502200407,572.7074829424023,547.2194147930227,502.1671657170468,502.4228775864247,493.4791505146936
2025-06-19 16:34:14+00:00,489.068909636549,418.88351320198296,440.1748785885368,515.7457903825643,521.2297587741668,578.3441142181379,551.073494774954,514.0048022613489,506.9175208862736,504.54118226207993
2025-07-04 16:33:59+00:00,490.6356283378235,426.3754056647565,448.3955329195902,523.4853564612571,517.5749070095163,579.8516042742285,555.1867335376943,520.2593397473538,508.882462841539,503.3961529164392
2025-08-03 16:33:56+00:00,490.4615685402428,422.1148037838896,448.93888970811,518.5924352652506,521.0179398417683,578.0528592436484,555.9996254874734,526.3549053617538,505.8255215808133,509.9749204591943
2025-09-10 16:16:21+00:00,,403.89418886625583,428.1868245750471,,,552.567800008271,530.5320182343619,,463.9183776340252,463.8312699594909
2025-09-22 16:33:55+00:00,,,,,,561.5758931292564,544.0421334239139,493.8034941548237,476.8795813655627,474.93826745914686
2025-10-02 16:33:56+00:00,480.2849144118383,441.0350720601451,451.99571887954585,519.4955449314944,514.6068440059205,587.7383074667857,583.1562034673889,,507.86994030549965,514.002407061104
2025-11-21 16:16:27+00:00,439.0746640181092,405.50299150432784,433.50390830487765,485.01505523485,476.1087247647055,571.4353263643087,542.7633354119793,490.51845405224265,487.0815721260451,486.7362542746646
2025-11-21 16:33:50+00:00,,,430.4800753161846,479.81597919499313,,568.8669527438815,538.8663763362142,494.8242750904644,,
2025-12-15 16:16:30+00:00,474.0927304704337,436.5982721575777,452.5883052779353,514.9276913656108,513.8633312926532,584.8601278693275,564.0017869773226,525.736993317513,515.0387972332778,517.9853823189616
2025-12-16 16:34:00+00:00,475.5882534702593,431.1521225284614,449.76800193680816,511.0033376102869,514.3841063017815,581.1480560046951,564.7561380785218,526.1690416910325,516.9929807057271,516.1363789098802
2026-01-08 16:16:14+00:00,469.9610708746689,408.8471280070832,436.73070430464975,505.0804561098006,505.6418579471108,564.2564293007916,541.3502646340612,517.8348213252702,495.44200904945103,507.50731310193817
2026-01-10 16:33:53+00:00,482.78021265474905,423.416911030499,451.0471655523483,513.5451056300626,512.6747932061106,576.6123053845142,558.8352004947174,528.8002276320345,510.25272097106426,512.1812722786399
2026-01-15 16:33:56+00:00,,427.58154846754,,519.7684295647589,517.8751665194404,,,,,
2026-01-20 16:33:51+00:00,475.3112425907141,406.4820359900796,437.7325166402928,503.0896221367197,492.04637455587306,558.7408550752227,545.7822401639351,514.4648447357533,506.5387175937632,505.31846521426166
2026-01-30 16:33:50+00:00,490.7704452555871,428.2924582812014,455.76222525314,523.6869074905443,520.8308576791736,582.6067934871227,568.7990118432441,540.7836669773918,517.9766066730072,521.9570116949609
2026-02-01 16:16:23+00:00,465.8314344949509,407.16279714682935,444.1955811239429,498.3790094486162,495.0027501781649,560.5268377337196,550.8741189263761,518.6070096550679,497.3023158347772,498.362338377563
2026-02-14 16:33:57+00:00,491.8882970498845,429.7559421848463,462.38168139846414,526.6692002391825,528.8169496821771,583.1096299866821,566.3716479869846,544.0326850817937,527.1570375652082,522.811014276692
2026-02-17 16:16:18+00:00,470.6390950045205,402.1237862697089,442.4119737134216,510.42214120310047,504.8334349876363,560.3149867380881,545.6464057901082,522.0779965981651,505.0702849130515,501.30236321783
2026-02-19 16:33:52+00:00,475.7419878006947,405.1664093698229,444.50850024957856,512.81890021514,514.2585072872035,559.7101729698771,545.7604124572201,536.414793368307,518.0188920726704,511.8719921639913
2026-02-25 16:16:08+00:00,486.22656609541775,412.50434104785074,450.7999970101604,524.9309053336314,525.5998372383734,581.4400760422664,562.8320142721848,535.2745886669861,516.9733577720634,521.850693580375
2026-03-01 16:33:54+00:00,487.8604258109917,416.3858995638575,456.6404713378018,520.9352935136047,523.0826412952317,579.5270597217303,561.6330849972999,537.7031015356926,512.9186566944694,516.8050416705743
2026-03-05 16:16:15+00:00,475.4260642574391,398.7202520780149,439.7592596546772,513.7590700857576,506.7512436488119,559.7053464196987,545.772800910108,520.2290554132948,510.4723840421637,500.2736304012098
2026-03-06 16:33:56+00:00,483.7174199963849,394.8830356812287,446.53979842140257,502.6189143531932,502.8127168089596,562.4326950630461,545.266145371123,524.8719631623167,508.9971723340273,504.4368915421124
2026-03-13 16:15:57+00:00,475.7938933048724,406.4612967550828,439.138733660773,508.9998115519338,510.44357115527,565.9930889652253,550.9010053203904,518.8295643243036,510.5256547650864,507.54016909295297
2026-03-16 16:33:58+00:00,494.039527573593,414.81539601785687,446.6820655312237,509.73221718417176,506.4062605871672,574.9689144247309,552.9348819589169,515.964571668351,508.75836894731685,504.8123290465816
2026-03-21 16:16:04+00:00,476.2039715087492,396.20756002701046,432.36764974863297,496.525674594015,493.1091198307184,564.29196010288,540.1931765603447,483.73272598733206,488.5773337936622,490.6708299267351
2026-03-21 16:33:52+00:00,475.90521051343273,392.1694543387672,432.5102559450114,492.4991070418369,487.941509843287,559.8947197427369,534.303035382926,483.85899950612543,479.7004483803596,486.636074787733
2026-03-28 16:34:16+00:00,,419.444466710624,,515.1863212281311,518.254312671034,575.2171149110927,553.693683074725,535.0365754044993,516.3069733419608,511.36064925943407
2026-03-29 16:15:48+00:00,476.7113607256057,409.0797839990728,450.73728077796346,513.6909030998015,509.64479743024606,572.300569707746,555.1018767038511,523.0611724587156,515.7782822661852,505.93936607797065
2026-03-31 16:33:54+00:00,479.1151677370778,420.76580343127785,449.36483416103647,507.8599766462728,512.8782320284786,571.916339309371,557.1789701053542,519.3826353288235,,503.2430306864299
2026-04-05 16:33:54+00:00,466.0881449951298,403.22351982388847,434.6107607566635,500.5430155262533,500.01758946492976,564.9440787059507,543.496614690272,494.3372474817105,488.0836357588528,491.4668796610793
2026-04-10 16:33:54+00:00,475.7809580367765,421.4696907881829,446.0528071638523,511.43057667623617,511.9772750449608,573.0775489860523,558.0257205666512,522.6447188756823,508.5663958911751,504.92810352097456
2026-04-15 16:33:54+00:00,,,,,,571.5671482842661,552.6968325490944,,,
2026-04-20 16:33:52+00:00,453.9037951768931,395.7056912334356,430.3971337734881,483.7073492528493,484.2721222351466,556.6566105829202,531.87931190742,488.1049807190288,474.4419835713642,470.8843595958095
2026-04-22 16:15:54+00:00,456.41720772240313,404.2518209619881,437.277611792789,504.0145909826839,502.19062462075,571.5757472503157,549.7566030607035,506.41548639667417,495.69016614140986,484.9600257741165
2026-04-30 16:15:37+00:00,451.0885044356394,395.0733160980684,438.9517771162528,496.5896954647193,492.2273567164947,,,,,
2026-05-05 16:33:56+00:00,452.1322555041452,400.955971776412,435.3200906668065,495.2713295689032,483.5688272957236,565.3704979725278,541.5804391630479,503.3999539236125,484.41657089797656,487.1358408021541
2026-05-07 16:34:08+00:00,456.1648372454407,401.4562637117133,437.60006361915913,497.8015043342726,494.66776983286,568.3458110171139,543.4091421434443,507.3467101672432,492.14631351371344,486.9141618256468
2026-05-10 16:33:52+00:00,472.3549962044243,414.226807413564,444.68563230962025,511.0867417064387,509.27875260085017,575.0152359440101,551.6477840033393,525.4089068038229,507.09425344181903,502.6043650262905
2026-06-01 16:15:13+00:00,469.1330564211247,397.7194709299248,435.06143528016895,492.0648525888746,480.5463360832493,560.5637129662077,545.949429300717,496.6377617947054,485.3487527908559,486.9090104726795
2026-06-16 16:34:11+00:00,453.754087524602,400.62624088070805,433.3383276679232,475.65044765728186,473.42584754561744,561.963024211467,530.2230537085142,493.71305392742704,,476.5977690825039
2026-06-17 16:15:21+00:00,437.25289142636063,389.3165231428272,426.44211902972654,465.6686004225269,465.8901635529309,554.2721825892033,526.7952523563239,482.0377347358659,473.0434810249975,471.2949466869646
2026-07-27 16:15:54+00:00,471.13530597111406,412.3082267343135,442.4715214700133,503.0545951272352,498.7911624105972,573.0685166836927,543.8849723572362,513.1091757945359,504.680502044232,492.5031952773229
2026-08-05 16:34:13+00:00,456.7004867043799,400.76785911080606,438.45755745077577,490.7873882493009,483.7403397219657,552.6981243645325,,,491.11333786283706,489.60787020840417
